ds,yhat,sku_id,qty_total,revenue,price,forecasted_revenue,abs_error,pct_error,weighted_error
2025-02-17,0.05310408398194509,46303774477,0,0.0,0.0,0.0,0.05310408398194509,,0.0
2025-02-24,0.07056438066057934,46303774477,0,0.0,0.0,0.0,0.07056438066057934,,0.0
2025-02-17,0.29120378388927604,46303862950,0,1230.6,0.0,0.0,0.29120378388927604,,358.3553764541431
2025-02-24,0.18472816829845523,46303862950,2,0.0,0.0,0.0,1.8152718317015448,0.9076359158507724,0.0
2025-02-17,0.349070385575017,46303877432,1,1295.4,1295.4,452.18577747387707,0.650929614424983,0.650929614424983,843.214222526123
2025-02-24,0.20644761230898165,46303877432,4,647.7,161.925,33.429029623131854,3.7935523876910184,0.9483880969227546,2457.0838815074726
2025-02-17,0.8674450575951823,46303948414,0,0.0,0.0,0.0,0.8674450575951823,,0.0
2025-02-24,0.8232473700757835,46303948414,0,0.0,0.0,0.0,0.8232473700757835,,0.0
2025-02-17,0.4519692497053148,46308044959,0,0.0,0.0,0.0,0.4519692497053148,,0.0
2025-02-24,0.4068000114316124,46308044959,0,0.0,0.0,0.0,0.4068000114316124,,0.0
2025-02-17,0.4320985012621805,46310250952,0,0.0,0.0,0.0,0.4320985012621805,,0.0
2025-02-24,0.3594423316157769,46310250952,0,0.0,0.0,0.0,0.3594423316157769,,0.0
2025-02-17,1.261323320614883,46310280482,0,0.0,0.0,0.0,1.261323320614883,,0.0
2025-02-24,0.7620999384449741,46310280482,0,0.0,0.0,0.0,0.7620999384449741,,0.0
2025-02-17,1.3478485876075283,46310291987,0,0.0,0.0,0.0,1.3478485876075283,,0.0
2025-02-24,0.8593755181027869,46310291987,0,0.0,0.0,0.0,0.8593755181027869,,0.0
2025-02-17,0.4924726481515452,46310334441,1,1416.0,1416.0,697.341269782588,0.5075273518484549,0.5075273518484549,718.6587302174121
2025-02-24,0.5111956941265872,46310334441,2,2301.6,1150.8,588.2840048008765,1.4888043058734128,0.7444021529367064,3426.6319903982467
2025-02-17,1.30890587026692,4636511797,1,1289.7,1289.7,1688.095900883247,0.30890587026692007,0.30890587026692007,398.39590088324684
2025-02-24,1.648224306055604,4636511797,0,0.0,0.0,0.0,1.648224306055604,,0.0
2025-02-17,0.45618320249024447,46365131910,0,0.0,0.0,0.0,0.45618320249024447,,0.0
2025-02-24,0.5410912143542597,46365131910,7,5998.8,856.9714285714286,463.699710952619,6.458908785645741,0.9227012550922487,38745.70202333167
2025-02-17,0.03134874946972088,46381587960,0,0.0,0.0,0.0,0.03134874946972088,,0.0
2025-02-24,0.05388248817513851,46381587960,1,0.0,0.0,0.0,0.9461175118248615,0.9461175118248615,0.0
2025-02-17,0.07919022054757996,46381594945,0,0.0,0.0,0.0,0.07919022054757996,,0.0
2025-02-24,0.08986789900931262,46381594945,0,0.0,0.0,0.0,0.08986789900931262,,0.0
2025-02-17,0.014008711422894369,46381604933,0,0.0,0.0,0.0,0.014008711422894369,,0.0
2025-02-24,0.005492491103657092,46381604933,0,0.0,0.0,0.0,0.005492491103657092,,0.0
2025-02-17,2.2967197827638115,44400044666,0,656.1,0.0,0.0,2.2967197827638115,,1506.8778494713367
2025-02-24,1.6458759734398982,44400044666,0,0.0,0.0,0.0,1.6458759734398982,,0.0
2025-02-17,1.779602536844907,44400044979,3,2624.4,874.8000000000001,1556.7962992319249,1.220397463155093,0.40679915438503095,3202.811102304226
2025-02-24,1.3358829611377923,44400044979,1,2953.2,2953.2,3945.129560832128,0.33588296113779226,0.33588296113779226,991.929560832128
2025-02-17,0.8659079722486058,44400045247,6,5011.8,835.3000000000001,723.2929292192605,5.134092027751394,0.8556820046252324,25731.042424684438
2025-02-24,0.924770769943116,44400045247,8,4273.5,534.1875,494.0009856689883,7.075229230056884,0.8844036537571105,30235.992114648092
2025-02-17,0.18598127633555314,44400045545,0,0.0,0.0,0.0,0.18598127633555314,,0.0
2025-02-24,0.1893694613520108,44400045545,2,1666.2,833.1,157.7636982523602,1.8106305386479893,0.9053152693239946,3016.8726034952797
2025-02-17,0.06292922922411896,46694935963,0,0.0,0.0,0.0,0.06292922922411896,,0.0
2025-02-24,0.034448219842793365,46694935963,0,0.0,0.0,0.0,0.034448219842793365,,0.0
2025-02-17,0.5227646023236504,44754799164,0,0.0,0.0,0.0,0.5227646023236504,,0.0
2025-02-24,0.24380636954542348,44754799164,1,0.0,0.0,0.0,0.7561936304545765,0.7561936304545765,0.0
2025-02-17,0.12135654717761304,44754802163,2,0.0,0.0,0.0,1.878643452822387,0.9393217264111935,0.0
2025-02-24,0.13096214708788875,44754802163,2,479.4,239.7,31.39162665696693,1.8690378529121112,0.9345189264560556,896.0167466860661
2025-02-17,0.9947878191832514,44754809351,2,719.4,359.7,357.82517856021553,1.0052121808167485,0.5026060904083742,723.1496428795688
2025-02-24,0.7492278684010835,44754809351,3,359.7,119.89999999999999,89.83242142128991,2.2507721315989166,0.7502573771996389,809.6027357361303
2025-02-17,2.274330356718954,44754812989,5,359.4,71.88,163.4788660409584,2.725669643281046,0.5451339286562092,979.6056697952079
2025-02-24,1.5923798092785413,44754812989,4,718.8,179.7,286.1506517273539,2.4076201907214587,0.6019050476803647,1730.5973930905843
2025-02-17,0.7100297434724518,4475481627,2,0.0,0.0,0.0,1.2899702565275482,0.6449851282637741,0.0
2025-02-24,0.7451888086039097,4475481627,0,179.7,0.0,0.0,0.7451888086039097,,133.91042890612255
2025-02-17,0.5678019607191159,44754818694,0,0.0,0.0,0.0,0.5678019607191159,,0.0
2025-02-24,0.2790146713732725,44754818694,0,0.0,0.0,0.0,0.2790146713732725,,0.0
2025-02-17,0.05160112340134804,4475482043,0,0.0,0.0,0.0,0.05160112340134804,,0.0
2025-02-24,0.06760782365416773,4475482043,1,689.7,689.7,46.629115974279486,0.9323921763458323,0.9323921763458323,643.0708840257206
2025-02-17,1.3342519828652406,44860382637,0,0.0,0.0,0.0,1.3342519828652406,,0.0
2025-02-24,0.7556783753368106,44860382637,0,0.0,0.0,0.0,0.7556783753368106,,0.0
2025-02-17,0.18650337955778007,44860382932,0,0.0,0.0,0.0,0.18650337955778007,,0.0
2025-02-24,0.08089492522857589,44860382932,0,0.0,0.0,0.0,0.08089492522857589,,0.0
2025-02-17,0.3498265248778625,4486038328,0,0.0,0.0,0.0,0.3498265248778625,,0.0
2025-02-24,0.2246490849155917,4486038328,0,0.0,0.0,0.0,0.2246490849155917,,0.0
2025-02-17,0.0940058842438774,44860383567,0,0.0,0.0,0.0,0.0940058842438774,,0.0
2025-02-24,0.1203125638309841,44860383567,0,0.0,0.0,0.0,0.1203125638309841,,0.0
2025-02-17,0.4872880413963943,4486038387,0,0.0,0.0,0.0,0.4872880413963943,,0.0
2025-02-24,0.34091449264080503,4486038387,1,0.0,0.0,0.0,0.659085507359195,0.659085507359195,0.0
2025-02-17,0.015783951394441692,44860384161,1,1157.7,1157.7,18.273080529345147,0.9842160486055583,0.9842160486055583,1139.4269194706549
2025-02-24,0.04863438982031397,44860384161,1,0.0,0.0,0.0,0.951365610179686,0.951365610179686,0.0
2025-02-17,1.904305962423705,44860384494,7,3675.0,525.0,999.7606302724452,5.095694037576295,0.7279562910823278,18726.675588092883
2025-02-24,1.6571989647317324,44860384494,0,2579.4,0.0,0.0,1.6571989647317324,,4274.579009629031
2025-02-17,0.18770549609231504,44860384733,0,0.0,0.0,0.0,0.18770549609231504,,0.0
2025-02-24,0.21953094573883097,44860384733,0,0.0,0.0,0.0,0.21953094573883097,,0.0
2025-02-17,0.04764476110586699,44860385094,1,1572.3,1572.3,74.91185788675466,0.952355238894133,0.952355238894133,1497.3881421132453
2025-02-24,0.07770347635285488,44860385094,0,0.0,0.0,0.0,0.07770347635285488,,0.0
2025-02-17,0.06292922922411896,44860385362,0,0.0,0.0,0.0,0.06292922922411896,,0.0
2025-02-24,0.034448219842793365,44860385362,1,0.0,0.0,0.0,0.9655517801572067,0.9655517801572067,0.0
2025-02-17,0.0417151341949985,44860385918,1,2358.9,2358.9,98.40183005258196,0.9582848658050015,0.9582848658050015,2260.4981699474183
2025-02-24,0.06668123521751651,44860385918,0,0.0,0.0,0.0,0.06668123521751651,,0.0
2025-02-17,0.045499189927279415,746436995,0,0.0,0.0,0.0,0.045499189927279415,,0.0
2025-02-24,-0.022978131611719854,746436995,0,0.0,0.0,-0.0,0.022978131611719854,,0.0
2025-02-17,2.600727983978378,7405700714,1,292.2,292.2,759.932716918482,1.600727983978378,1.600727983978378,467.732716918482
2025-02-24,1.8851115579023436,7405700714,0,0.0,0.0,0.0,1.8851115579023436,,0.0
2025-02-17,0.37482554112788424,44942965112,4,1589.7,397.425,148.9650406827494,3.6251744588721158,0.9062936147180289,5762.939837269003
2025-02-24,0.23672534454013539,44942965112,0,1589.7,0.0,0.0,0.23672534454013539,,376.32228021545325
2025-02-17,1.05120170841402,15766844963,1,0.0,0.0,0.0,0.05120170841401994,0.05120170841401994,0.0
2025-02-24,1.8937885861712784,15766844963,1,4799.7,4799.7,9089.617077046285,0.8937885861712784,0.8937885861712784,4289.917077046285
2025-02-17,0.3434308860197647,45132580164,0,0.0,0.0,0.0,0.3434308860197647,,0.0
2025-02-24,0.4324973659592834,45132580164,0,0.0,0.0,0.0,0.4324973659592834,,0.0
2025-02-17,1.5500170441270469,45132656942,0,0.0,0.0,0.0,1.5500170441270469,,0.0
2025-02-24,1.2069707337083264,45132656942,2,4019.4,2009.7,2425.6490835336235,0.7930292662916736,0.3965146331458368,3187.5018329327527
2025-02-17,-4.581750617039974,9629394497,0,0.0,0.0,-0.0,4.581750617039974,,0.0
2025-02-24,-1.7939878683621369,9629394497,0,0.0,0.0,-0.0,1.7939878683621369,,0.0
2025-02-17,0.24111609576681858,4723833696,0,675.342,0.0,0.0,0.24111609576681858,,162.83582634735478
2025-02-24,0.7146464836135095,4723833696,2,0.0,0.0,0.0,1.2853535163864906,0.6426767581932453,0.0
2025-02-17,0.8550742884915035,4723910471,1,0.0,0.0,0.0,0.14492571150849654,0.14492571150849654,0.0
2025-02-24,1.096737223284861,4723910471,1,813.6,813.6,892.3054048645629,0.0967372232848609,0.0967372232848609,78.70540486456282
2025-02-17,0.9194559080880347,4723938440,0,390.6,0.0,0.0,0.9194559080880347,,359.1394776991864
2025-02-24,1.2790569233148859,4723938440,0,0.0,0.0,0.0,1.2790569233148859,,0.0
2025-02-17,0.898569402809267,4724133655,0,0.0,0.0,0.0,0.898569402809267,,0.0
2025-02-24,0.4305895849078123,4724133655,2,0.0,0.0,0.0,1.5694104150921877,0.7847052075460939,0.0
2025-02-17,0.7996444905927078,45290923710,0,0.0,0.0,0.0,0.7996444905927078,,0.0
2025-02-24,0.38780047360447556,45290923710,1,0.0,0.0,0.0,0.6121995263955244,0.6121995263955244,0.0
2025-02-17,0.08702897439633472,45386498618,0,0.0,0.0,0.0,0.08702897439633472,,0.0
2025-02-24,0.10994410047080427,45386498618,0,0.0,0.0,0.0,0.10994410047080427,,0.0
2025-02-17,0.07258337360077256,45386576968,0,0.0,0.0,0.0,0.07258337360077256,,0.0
2025-02-24,0.11833976550675936,45386576968,0,0.0,0.0,0.0,0.11833976550675936,,0.0
2025-02-17,0.017089999262328813,45386581155,0,0.0,0.0,0.0,0.017089999262328813,,0.0
2025-02-24,0.0295749944924465,45386581155,0,0.0,0.0,0.0,0.0295749944924465,,0.0
2025-02-17,0.22423916742079203,45386584131,0,0.0,0.0,0.0,0.22423916742079203,,0.0
2025-02-24,0.10115411069167479,45386584131,0,0.0,0.0,0.0,0.10115411069167479,,0.0
2025-02-17,0.048236188703675784,598294111,0,342.0,0.0,0.0,0.048236188703675784,,16.49677653665712
2025-02-24,-0.5423787144861812,598294111,1,0.0,0.0,-0.0,1.5423787144861811,1.5423787144861811,0.0
2025-02-17,-2.466077081931711,5982960035,0,0.0,0.0,-0.0,2.466077081931711,,0.0
2025-02-24,-0.907006976282851,5982960035,0,0.0,0.0,-0.0,0.907006976282851,,0.0
2025-02-17,0.03892974020895912,598302302,0,0.0,0.0,0.0,0.03892974020895912,,0.0
2025-02-24,0.11472216085420829,598302302,0,0.0,0.0,0.0,0.11472216085420829,,0.0
2025-02-17,-0.03045332886642372,5996489657,0,0.0,0.0,-0.0,0.03045332886642372,,0.0
2025-02-24,-0.035388754627442905,5996489657,0,0.0,0.0,-0.0,0.035388754627442905,,0.0
2025-02-17,0.13769003146120212,5996490387,0,0.0,0.0,0.0,0.13769003146120212,,0.0
2025-02-24,0.47696837350402804,5996490387,0,0.0,0.0,0.0,0.47696837350402804,,0.0
2025-02-17,0.005551026325924413,5996537271,0,0.0,0.0,0.0,0.005551026325924413,,0.0
2025-02-24,-0.01050830026128291,5996537271,0,0.0,0.0,-0.0,0.01050830026128291,,0.0
2025-02-17,1.3172700299370332,599653937,0,273.6,0.0,0.0,1.3172700299370332,,360.4050801907723
2025-02-24,0.5512921026035447,599653937,0,0.0,0.0,0.0,0.5512921026035447,,0.0
2025-02-17,-0.666783793431548,5996540711,1,0.0,0.0,-0.0,1.6667837934315481,1.6667837934315481,0.0
2025-02-24,-1.1430952869114752,5996540711,1,342.0,342.0,-390.9385881237245,2.143095286911475,2.143095286911475,732.9385881237246
2025-02-17,0.5120199977636322,5996552646,0,0.0,0.0,0.0,0.5120199977636322,,0.0
2025-02-24,0.0626047853648326,5996552646,0,0.0,0.0,0.0,0.0626047853648326,,0.0
2025-02-17,0.06546167188329063,5996815882,0,0.0,0.0,0.0,0.06546167188329063,,0.0
2025-02-24,0.06670626371671678,5996815882,0,0.0,0.0,0.0,0.06670626371671678,,0.0
2025-02-17,-0.29879704213193975,5996820047,1,0.0,0.0,-0.0,1.2987970421319397,1.2987970421319397,0.0
2025-02-24,-0.0985748736400372,5996820047,0,493.2,0.0,-0.0,0.0985748736400372,,48.617127679266346
2025-02-17,0.2767635328089766,5996899120,0,0.0,0.0,0.0,0.2767635328089766,,0.0
2025-02-24,0.007879711693180858,5996899120,0,0.0,0.0,0.0,0.007879711693180858,,0.0
2025-02-17,0.003748589556410836,5996932035,0,0.0,0.0,0.0,0.003748589556410836,,0.0
2025-02-24,0.0076139640003959445,5996932035,0,0.0,0.0,0.0,0.0076139640003959445,,0.0
2025-02-17,0.5904357037712782,5996937634,0,0.0,0.0,0.0,0.5904357037712782,,0.0
2025-02-24,0.1499309221896592,5996937634,0,0.0,0.0,0.0,0.1499309221896592,,0.0
2025-02-17,0.44621926390706107,5996941129,0,0.0,0.0,0.0,0.44621926390706107,,0.0
2025-02-24,0.6754008930754172,5996941129,0,0.0,0.0,0.0,0.6754008930754172,,0.0
2025-02-17,3.087607402831675,599703217,2,820.8,410.4,1267.1540781221192,1.087607402831675,0.5438037014158374,892.7081562442387
2025-02-24,2.1540023741762013,599703217,1,273.6,273.6,589.3350495746088,1.1540023741762013,1.1540023741762013,315.7350495746087
2025-02-17,0.18478112254901868,20377431146,0,0.0,0.0,0.0,0.18478112254901868,,0.0
2025-02-24,0.23908726353774287,20377431146,0,0.0,0.0,0.0,0.23908726353774287,,0.0
2025-02-17,0.2650394441926964,45431124522,1,0.0,0.0,0.0,0.7349605558073036,0.7349605558073036,0.0
2025-02-24,0.3121964061704118,45431124522,0,749.7,0.0,0.0,0.3121964061704118,,234.05364570595773
2025-02-17,0.38286124927333137,24738070995,1,0.0,0.0,0.0,0.6171387507266686,0.6171387507266686,0.0
2025-02-24,0.4624602371912801,24738070995,0,0.0,0.0,0.0,0.4624602371912801,,0.0
2025-02-17,0.7094717411529435,24738579136,0,0.0,0.0,0.0,0.7094717411529435,,0.0
2025-02-24,0.7925072907685616,24738579136,0,0.0,0.0,0.0,0.7925072907685616,,0.0
2025-02-17,1.4433506508798093,33571814593,2,0.0,0.0,0.0,0.5566493491201907,0.27832467456009535,0.0
2025-02-24,1.290913931402857,33571814593,0,3749.7,0.0,0.0,1.290913931402857,,4840.539968581293
2025-02-17,0.3973991496749262,33750536246,1,1722.6,1722.6,684.5597752300278,0.6026008503250738,0.6026008503250738,1038.0402247699722
2025-02-24,0.4935653517077406,33750536246,6,0.0,0.0,0.0,5.5064346482922595,0.91773910804871,0.0
2025-02-17,0.7680404147531634,33750613973,0,0.0,0.0,0.0,0.7680404147531634,,0.0
2025-02-24,0.9251801933202941,33750613973,2,3445.2,1722.6,1593.7154010135384,1.074819806679706,0.537409903339853,3702.9691979729228
2025-02-17,43.1724732235236,34126797120,16,48594.3,3037.14375,131121.00722286708,27.172473223523603,1.6982795764702252,1320427.3155658732
2025-02-24,37.71589615207931,34126797120,20,35096.1,1754.8049999999998,66184.04314714952,17.71589615207931,0.8857948076039655,621758.8629429906
2025-02-17,35.78539972791046,34126805261,26,59027.4,2270.2846153846153,81243.04245766392,9.785399727910459,0.3763615279965561,577606.7038992619
2025-02-24,38.86733415687971,34126805261,39,59048.1,1514.053846153846,58847.23676997048,0.13266584312029295,0.0034016882851357166,7833.665971151369
2025-02-17,1.1584743660478125,45995668920,1,498.6,498.6,577.6153189114393,0.1584743660478125,0.1584743660478125,79.01531891143932
2025-02-24,0.9406952455636584,45995668920,0,498.6,0.0,0.0,0.9406952455636584,,469.0306494380401
2025-02-17,0.20064430644385803,25223257610,0,0.0,0.0,0.0,0.20064430644385803,,0.0
2025-02-24,0.19051565213757443,25223257610,0,0.0,0.0,0.0,0.19051565213757443,,0.0
2025-02-17,0.33412265778327616,25223743696,0,0.0,0.0,0.0,0.33412265778327616,,0.0
2025-02-24,0.22729074796531168,25223743696,0,0.0,0.0,0.0,0.22729074796531168,,0.0
2025-02-17,0.048439072460567556,25223744190,0,0.0,0.0,0.0,0.048439072460567556,,0.0
2025-02-24,0.08114572021224248,25223744190,0,0.0,0.0,0.0,0.08114572021224248,,0.0
2025-02-17,-0.7254852707664707,25671218131,0,0.0,0.0,-0.0,0.7254852707664707,,0.0
2025-02-24,-0.5056129847517171,25671218131,0,0.0,0.0,-0.0,0.5056129847517171,,0.0
2025-02-17,-0.8693506544018659,25671218642,1,6599.4,6599.4,-5737.192708659673,1.8693506544018659,1.8693506544018659,12336.592708659673
2025-02-24,-0.35074860870535896,25671218642,1,2999.7,2999.7,-1052.140601533465,1.3507486087053588,1.3507486087053588,4051.840601533465
2025-02-17,0.022217019381649432,40000050358,0,0.0,0.0,0.0,0.022217019381649432,,0.0
2025-02-24,-0.0035993559904861465,40000050358,0,0.0,0.0,-0.0,0.0035993559904861465,,0.0
2025-02-17,2.083735374043885,40154920524,0,0.0,0.0,0.0,2.083735374043885,,0.0
2025-02-24,1.8014561203585753,40154920524,0,0.0,0.0,0.0,1.8014561203585753,,0.0
2025-02-17,1.0729848935901032,40154921194,0,0.0,0.0,0.0,1.0729848935901032,,0.0
2025-02-24,1.3225982977322601,40154921194,2,0.0,0.0,0.0,0.6774017022677399,0.33870085113386994,0.0
2025-02-17,0.136350445584633,35281682198,0,0.0,0.0,0.0,0.136350445584633,,0.0
2025-02-24,0.12848216893900638,35281682198,0,0.0,0.0,0.0,0.12848216893900638,,0.0
2025-02-17,4.598727932884435,35418350431,0,0.0,0.0,0.0,4.598727932884435,,0.0
2025-02-24,2.993498558157773,35418350431,1,2242.8,2242.8,6713.818566236254,1.993498558157773,1.993498558157773,4471.018566236254
2025-02-17,0.12102101012521471,43159436683,0,0.0,0.0,0.0,0.12102101012521471,,0.0
2025-02-24,0.09809606338191097,43159436683,2,1799.4,899.7,88.25702822470531,1.901903936618089,0.9509519683090445,3422.2859435505893
2025-02-17,4.005865210625583,35760802213,1,889.2,889.2,3562.0153452882682,3.0058652106255828,3.0058652106255828,2672.8153452882684
2025-02-24,3.913973924703298,35760802213,2,1333.8,666.9,2610.2292103846294,1.9139739247032979,0.9569869623516489,2552.8584207692584
2025-02-17,2.172666642798213,35760805589,8,1158.0,144.75,314.4934965450413,5.827333357201788,0.7284166696502234,6748.05202763967
2025-02-24,1.7462976688193237,35760805589,1,1220.4,1220.4,2131.1816750271028,0.7462976688193237,0.7462976688193237,910.7816750271027
2025-02-17,-0.22729683219201127,35760806438,0,0.0,0.0,-0.0,0.22729683219201127,,0.0
2025-02-24,-0.4456669905263776,35760806438,0,0.0,0.0,-0.0,0.4456669905263776,,0.0
2025-02-17,5.134979807660899,35760808536,0,0.0,0.0,0.0,5.134979807660899,,0.0
2025-02-24,6.081672763890127,35760808536,5,390.6,78.12,475.1002763150968,1.0816727638901273,0.21633455277802546,422.5013815754838
2025-02-17,5.895968341972263,35760809177,6,0.0,0.0,0.0,0.10403165802773717,0.01733860967128953,0.0
2025-02-24,3.664245547490663,35760809177,4,2600.4,650.1,2382.12603042368,0.3357544525093372,0.0839386131273343,873.0958783052805
2025-02-17,0.028166700275279576,3576081009,0,0.0,0.0,0.0,0.028166700275279576,,0.0
2025-02-24,0.09774103748794363,3576081009,0,0.0,0.0,0.0,0.09774103748794363,,0.0
2025-02-17,0.4248511771054847,35760810972,0,0.0,0.0,0.0,0.4248511771054847,,0.0
2025-02-24,0.3989362702510038,35760810972,0,0.0,0.0,0.0,0.3989362702510038,,0.0
2025-02-17,7.629890328694111,3577564803,5,0.0,0.0,0.0,2.6298903286941107,0.5259780657388221,0.0
2025-02-24,5.7733790443027955,3577564803,7,16923.0,2417.5714285714284,13957.556223819458,1.2266209556972045,0.17523156509960064,20758.10643326379
2025-02-17,0.4388158217391006,35846511668,0,0.0,0.0,0.0,0.4388158217391006,,0.0
2025-02-24,0.6751758185268604,35846511668,0,0.0,0.0,0.0,0.6751758185268604,,0.0
2025-02-17,0.08509295559083588,43292170418,0,0.0,0.0,0.0,0.08509295559083588,,0.0
2025-02-24,0.06614653078084795,43292170418,0,0.0,0.0,0.0,0.06614653078084795,,0.0
2025-02-17,-0.006146500307425071,43292170792,2,0.0,0.0,-0.0,2.006146500307425,1.0030732501537125,0.0
2025-02-24,-0.029932813375928485,43292170792,0,0.0,0.0,-0.0,0.029932813375928485,,0.0
2025-02-17,0.33843484131371815,43464179063,0,0.0,0.0,0.0,0.33843484131371815,,0.0
2025-02-24,0.20575762166445244,43464179063,0,0.0,0.0,0.0,0.20575762166445244,,0.0
2025-02-17,5.132556314178643,41273567751,0,0.0,0.0,0.0,5.132556314178643,,0.0
2025-02-24,5.2978433113459955,41273567751,0,0.0,0.0,0.0,5.2978433113459955,,0.0
2025-02-17,1.382676856562226,41273568614,0,0.0,0.0,0.0,1.382676856562226,,0.0
2025-02-24,1.6074175117989191,41273568614,1,0.0,0.0,0.0,0.6074175117989191,0.6074175117989191,0.0
2025-02-17,0.8871849684793865,41276985638,0,3899.7,0.0,0.0,0.8871849684793865,,3459.7552215790633
2025-02-24,0.6155395114246976,41276985638,3,10619.1,3539.7000000000003,2178.8252085900026,2.3844604885753022,0.794820162858434,25320.824374229993
2025-02-17,10.291609866444851,41491392694,17,11149.5,655.8529411764706,6749.78260034864,6.708390133555149,0.39461118432677345,74795.19579407314
2025-02-24,8.773687535207046,41491392694,7,7134.0,1019.1428571428571,8941.64098230958,1.7736875352070456,0.25338393360100653,12653.486876167062
2025-02-17,3.111106239797561,41491392968,3,650.4,216.79999999999998,674.4878327881112,0.11110623979756085,0.03703541326585361,72.26349836433357
2025-02-24,2.78238025559658,41491392968,3,1951.2,650.4,1809.6601182400157,0.2176197444034198,0.07253991480113993,424.61964527995275
2025-02-17,5.69168768193481,41491393273,3,2577.6,859.1999999999999,4890.298056318388,2.69168768193481,0.8972292273116033,6938.0941689551655
2025-02-24,5.199477982348868,41491393273,1,644.4,644.4,3350.5436118256102,4.199477982348868,4.199477982348868,2706.1436118256106
2025-02-17,2.702987519605275,41491394123,4,2136.6,534.15,1443.8007835971575,1.297012480394725,0.32425312009868124,2771.196865611369
2025-02-24,2.111600554656715,41491394123,4,2136.6,534.15,1127.9114362698842,1.888399445343285,0.47209986133582127,4034.7542549204627
2025-02-17,1.465394335069364,41513223318,0,0.0,0.0,0.0,1.465394335069364,,0.0
2025-02-24,1.1010412131250082,41513223318,4,6291.0,1572.75,1731.6625679423566,2.8989587868749918,0.7247396967187479,18237.349728230573
2025-02-17,0.765195152027844,41514786616,4,4194.0,1048.5,802.3071169011945,3.234804847972156,0.808701211993039,13566.771532395223
2025-02-24,0.6459746753111787,41514786616,0,4194.0,0.0,0.0,0.6459746753111787,,2709.2177882550836
2025-02-17,2.341578963752061,41515050363,6,2097.0,349.5,818.3818478313453,3.658421036247939,0.6097368393746565,7671.708913011928
2025-02-24,1.4504318006844408,41515050363,1,8388.0,8388.0,12166.221944141089,0.4504318006844408,0.4504318006844408,3778.2219441410894
2025-02-17,-0.29286566244024953,33252040650,0,1749.0,0.0,-0.0,0.29286566244024953,,512.2220436079964
2025-02-24,-0.16667897023510025,33252040650,0,0.0,0.0,-0.0,0.16667897023510025,,0.0
2025-02-17,-0.2065777067652671,33258093744,0,0.0,0.0,-0.0,0.2065777067652671,,0.0
2025-02-24,-0.3468092940657824,33258093744,0,0.0,0.0,-0.0,0.3468092940657824,,0.0
2025-02-17,0.2883005799040521,33258116228,0,1749.0,0.0,0.0,0.2883005799040521,,504.2377142521871
2025-02-24,0.06711952433367259,33258116228,0,3498.0,0.0,0.0,0.06711952433367259,,234.78409611918673
2025-02-17,0.09089658629034814,33258136093,0,0.0,0.0,0.0,0.09089658629034814,,0.0
2025-02-24,0.1541730909400415,33258136093,0,0.0,0.0,0.0,0.1541730909400415,,0.0
2025-02-17,-0.03949070893265835,33300624449,0,0.0,0.0,-0.0,0.03949070893265835,,0.0
2025-02-24,-0.3818679597827031,33300624449,0,0.0,0.0,-0.0,0.3818679597827031,,0.0
2025-02-17,1.0919662920206716,33300985333,0,2629.2,0.0,0.0,1.0919662920206716,,2870.9977749807495
2025-02-24,0.6720083504671173,33300985333,0,0.0,0.0,0.0,0.6720083504671173,,0.0
2025-02-17,-0.1381503928500516,27095798175,1,0.0,0.0,-0.0,1.1381503928500516,1.1381503928500516,0.0
2025-02-24,-0.2908039424076101,27095798175,0,664.5,0.0,-0.0,0.2908039424076101,,193.2392197298569
2025-02-17,2.317495880991698,2709580011,1,0.0,0.0,0.0,1.317495880991698,1.317495880991698,0.0
2025-02-24,3.06901202528001,2709580011,0,669.3,0.0,0.0,3.06901202528001,,2054.0897485199107
2025-02-17,0.4516109249655396,27095801676,1,0.0,0.0,0.0,0.5483890750344604,0.5483890750344604,0.0
2025-02-24,-0.15577546770716774,27095801676,0,486.0,0.0,-0.0,0.15577546770716774,,75.70687730568352
2025-02-17,0.9379650477810616,2709580215,0,0.0,0.0,0.0,0.9379650477810616,,0.0
2025-02-24,0.9662679163112071,2709580215,0,0.0,0.0,0.0,0.9662679163112071,,0.0
2025-02-17,0.5455587772225121,27095803613,0,0.0,0.0,0.0,0.5455587772225121,,0.0
2025-02-24,0.7244505353465274,27095803613,3,0.0,0.0,0.0,2.275549464653473,0.7585164882178242,0.0
2025-02-17,0.7464180923146078,27095804199,0,0.0,0.0,0.0,0.7464180923146078,,0.0
2025-02-24,1.15256749258642,27095804199,0,0.0,0.0,0.0,1.15256749258642,,0.0
2025-02-17,1.310789130794324,27095805681,1,537.6,537.6,704.6802367150286,0.310789130794324,0.310789130794324,167.0802367150286
2025-02-24,0.9184112586584765,27095805681,0,537.6,0.0,0.0,0.9184112586584765,,493.737892654797
2025-02-17,0.2989616597397996,27095807110,0,0.0,0.0,0.0,0.2989616597397996,,0.0
2025-02-24,-0.10643058786841664,27095807110,0,0.0,0.0,-0.0,0.10643058786841664,,0.0
2025-02-17,5.759385548060897,27095807671,0,945.3,0.0,0.0,5.759385548060897,,5444.347158581966
2025-02-24,3.8113497704236456,27095807671,4,2174.4,543.6,2071.8497352022937,0.18865022957635436,0.04716255739408859,410.20105919082494
2025-02-17,0.18861644568602434,27095808173,0,0.0,0.0,0.0,0.18861644568602434,,0.0
2025-02-24,-0.06291383839490888,27095808173,0,0.0,0.0,-0.0,0.06291383839490888,,0.0
2025-02-17,-0.2890554794683752,27095808692,0,0.0,0.0,-0.0,0.2890554794683752,,0.0
2025-02-24,-0.3675454947473493,27095808692,0,0.0,0.0,-0.0,0.3675454947473493,,0.0
2025-02-17,0.5155837821750763,27095809660,0,0.0,0.0,0.0,0.5155837821750763,,0.0
2025-02-24,0.2948279055255878,27095809660,1,0.0,0.0,0.0,0.7051720944744122,0.7051720944744122,0.0
2025-02-17,7.819092993089857,27095810173,0,659.142,0.0,0.0,7.819092993089857,,5153.892593651235
2025-02-24,6.871874268176275,27095810173,1,659.142,659.142,4529.540948874246,5.871874268176275,5.871874268176275,3870.3989488742463
2025-02-17,9.485243972207595,27095810673,4,1704.0,426.0,4040.7139321604354,5.485243972207595,1.3713109930518987,9346.855728641742
2025-02-24,7.9691947018265665,27095810673,8,3331.5,416.4375,3318.671518641901,0.03080529817343347,0.003850662271679184,102.6278508647936
2025-02-17,0.35246016349864373,27095811177,0,0.0,0.0,0.0,0.35246016349864373,,0.0
2025-02-24,0.5024405302267834,27095811177,0,0.0,0.0,0.0,0.5024405302267834,,0.0
2025-02-17,0.9424952561151494,27095812646,0,0.0,0.0,0.0,0.9424952561151494,,0.0
2025-02-24,0.8414885371085369,27095812646,0,0.0,0.0,0.0,0.8414885371085369,,0.0
2025-02-17,-0.046008748401913685,27095813697,0,0.0,0.0,-0.0,0.046008748401913685,,0.0
2025-02-24,-0.06767548067158163,27095813697,0,0.0,0.0,-0.0,0.06767548067158163,,0.0
2025-02-17,0.4557284338283514,27095814149,0,0.0,0.0,0.0,0.4557284338283514,,0.0
2025-02-24,0.36258385143348365,27095814149,0,0.0,0.0,0.0,0.36258385143348365,,0.0
2025-02-17,0.03205499394818016,43583432373,0,0.0,0.0,0.0,0.03205499394818016,,0.0
2025-02-24,0.019020744966693513,43583432373,0,0.0,0.0,0.0,0.019020744966693513,,0.0
2025-02-17,2.948919730555438,41603545216,4,899.7,224.925,663.2857703951819,1.051080269444562,0.2627700673611405,945.6569184192725
2025-02-24,2.663911302174108,41603545216,1,1799.4,1799.4,4793.44199713209,1.663911302174108,1.663911302174108,2994.0419971320903
2025-02-17,0.6539851629162853,41604602159,0,0.0,0.0,0.0,0.6539851629162853,,0.0
2025-02-24,1.019738762760259,41604602159,0,0.0,0.0,0.0,1.019738762760259,,0.0
2025-02-17,1.1586427089549614,41605550723,5,1559.4,311.88,361.35748806887335,3.8413572910450386,0.7682714582090078,5990.212559655633
2025-02-24,1.0997018878966363,41605550723,0,0.0,0.0,0.0,1.0997018878966363,,0.0
2025-02-17,4.88005648525096,4166277217,2,599.4,299.7,1462.5529286297126,2.88005648525096,1.44002824262548,1726.3058572594255
2025-02-24,4.4866703711218285,4166277217,3,1198.8,399.59999999999997,1792.8734803002826,1.4866703711218285,0.49555679037394285,1782.220440900848
2025-02-17,2.3647678699736225,41662780238,0,0.0,0.0,0.0,2.3647678699736225,,0.0
2025-02-24,2.3266160124259265,41662780238,3,599.4,199.79999999999998,464.8578792827001,0.6733839875740735,0.22446132919135783,403.6263621518996
2025-02-17,21.64285299078447,41662784784,16,7196.4,449.775,9734.414203930084,5.642852990784469,0.3526783119240293,40608.22726288135
2025-02-24,18.22236815991867,41662784784,36,16761.6,465.59999999999997,8484.334615258133,17.77763184008133,0.4938231066689258,297981.5538507072
2025-02-17,7.692626560402315,41662829751,4,1799.1,449.775,3459.9511112049513,3.6926265604023154,0.9231566401005789,6643.404444819806
2025-02-24,6.972825281954345,41662829751,3,1799.1,599.6999999999999,4181.60332158802,3.9728252819543446,1.3242750939847816,7147.509964764061
2025-02-17,0.08481069866768884,43675356591,0,0.0,0.0,0.0,0.08481069866768884,,0.0
2025-02-24,0.017892277750559397,43675356591,0,0.0,0.0,0.0,0.017892277750559397,,0.0
2025-02-17,0.041244795683156824,43675357153,0,0.0,0.0,0.0,0.041244795683156824,,0.0
2025-02-24,0.022650259525147463,43675357153,0,0.0,0.0,0.0,0.022650259525147463,,0.0
2025-02-17,3.3638652620231797,43675357762,4,0.0,0.0,0.0,0.6361347379768203,0.15903368449420507,0.0
2025-02-24,1.7189522053201496,43675357762,1,1548.0,1548.0,2660.9380138355914,0.7189522053201496,0.7189522053201496,1112.9380138355916
2025-02-17,1.6807380370061478,43675358311,2,1655.1,827.55,1390.8947625244375,0.31926196299385223,0.15963098149692612,528.4104749511248
2025-02-24,1.1062895299219977,43675358311,0,1103.4,0.0,0.0,1.1062895299219977,,1220.6798673159324
2025-02-17,0.7329484810674411,43675358612,0,0.0,0.0,0.0,0.7329484810674411,,0.0
2025-02-24,0.5281812110320784,43675358612,0,0.0,0.0,0.0,0.5281812110320784,,0.0
2025-02-17,0.02519620956717955,43675358930,0,0.0,0.0,0.0,0.02519620956717955,,0.0
2025-02-24,0.02087138291864738,43675358930,1,0.0,0.0,0.0,0.9791286170813526,0.9791286170813526,0.0
2025-02-17,1.367957411435854,43675359537,0,0.0,0.0,0.0,1.367957411435854,,0.0
2025-02-24,1.064016531267465,43675359537,0,0.0,0.0,0.0,1.064016531267465,,0.0
2025-02-17,0.054492861414181,46873197417,0,0.0,0.0,0.0,0.054492861414181,,0.0
2025-02-24,0.05116269922691004,46873197417,0,0.0,0.0,0.0,0.05116269922691004,,0.0
2025-02-17,-0.0932415803263249,33750578247,0,0.0,0.0,-0.0,0.0932415803263249,,0.0
2025-02-24,-0.14746107681068754,33750578247,0,0.0,0.0,-0.0,0.14746107681068754,,0.0
2025-02-17,0.28102936082564894,41844855933,0,0.0,0.0,0.0,0.28102936082564894,,0.0
2025-02-24,0.20967921192268518,41844855933,0,0.0,0.0,0.0,0.20967921192268518,,0.0
2025-02-17,0.03763896543080523,41844856242,0,0.0,0.0,0.0,0.03763896543080523,,0.0
2025-02-24,0.02409680219756161,41844856242,0,0.0,0.0,0.0,0.02409680219756161,,0.0
2025-02-17,16.783732023660676,41859075396,7,1018.8,145.54285714285714,2442.7523122436423,9.783732023660676,1.3976760033800966,9967.666185705497
2025-02-24,14.198926017933998,41859075396,10,2279.4,227.94,3236.5031965278754,4.198926017933998,0.41989260179339977,9571.031965278755
2025-02-17,0.5657464388407507,41911704936,0,0.0,0.0,0.0,0.5657464388407507,,0.0
2025-02-24,0.5771862865667563,41911704936,0,0.0,0.0,0.0,0.5771862865667563,,0.0
2025-02-17,0.04247448414436311,41931934851,0,0.0,0.0,0.0,0.04247448414436311,,0.0
2025-02-24,0.07304317691536179,41931934851,0,0.0,0.0,0.0,0.07304317691536179,,0.0
2025-02-17,0.09439384383617844,47035596434,0,0.0,0.0,0.0,0.09439384383617844,,0.0
2025-02-24,0.051672329764190034,47035596434,0,0.0,0.0,0.0,0.051672329764190034,,0.0
2025-02-17,0.07919022054757996,47035597416,4,8998.8,2249.7,178.15423916589063,3.92080977945242,0.980202444863105,35282.58304333644
2025-02-24,0.08986789900931262,47035597416,2,4499.4,2249.7,202.1758124012506,1.9101321009906873,0.9550660504953437,8594.448375197499
2025-02-17,0.09127689665348362,47035597915,0,0.0,0.0,0.0,0.09127689665348362,,0.0
2025-02-24,0.1344796746447296,47035597915,0,0.0,0.0,0.0,0.1344796746447296,,0.0
2025-02-17,0.1348608801127138,47035598475,3,2699.7,899.9,121.36130601343115,2.865139119887286,0.955046373295762,7735.016081959706
2025-02-24,0.1255625084689448,47035598475,1,5399.4,5399.4,677.9622082272205,0.8744374915310552,0.8744374915310552,4721.437791772779
2025-02-17,0.18320715916778663,47035598960,1,2699.7,2699.7,494.6043676052735,0.8167928408322134,0.8167928408322134,2205.095632394726
2025-02-24,0.31955572476956506,47035598960,0,0.0,0.0,0.0,0.31955572476956506,,0.0
2025-02-17,0.42722200035708613,47035599495,2,13498.5,6749.25,2883.4280859100636,1.5727779996429139,0.7863889998214569,21230.143828179873
2025-02-24,0.3528862633707617,47035599495,1,0.0,0.0,0.0,0.6471137366292383,0.6471137366292383,0.0
2025-02-17,0.648381997066563,47035599949,5,13498.5,2699.7,1750.4368774805998,4.351618002933437,0.8703236005866873,58740.315612597
2025-02-24,0.7703289498631812,47035599949,15,29696.7,1979.78,1525.081848360129,14.229671050136819,0.948644736675788,422574.2722745981
2025-02-17,0.18209276313623207,47035600918,0,0.0,0.0,0.0,0.18209276313623207,,0.0
2025-02-24,0.19554830085847713,47035600918,0,0.0,0.0,0.0,0.19554830085847713,,0.0
2025-02-17,0.6895034932110623,47035601421,7,5999.4,857.0571428571428,590.9438938814924,6.310496506788938,0.9014995009698482,37859.19274282955
2025-02-24,0.9473405268921621,47035601421,1,17998.2,17998.2,17050.42427111051,0.05265947310783792,0.05265947310783792,947.7757288894884
2025-02-17,0.2651379881410523,47035601997,0,0.0,0.0,0.0,0.2651379881410523,,0.0
2025-02-24,0.40142209119279537,47035601997,1,0.0,0.0,0.0,0.5985779088072046,0.5985779088072046,0.0
2025-02-17,0.5641935724358262,4203509252,0,0.0,0.0,0.0,0.5641935724358262,,0.0
2025-02-24,0.5878748391761988,4203509252,0,0.0,0.0,0.0,0.5878748391761988,,0.0
2025-02-17,0.4814296255468364,42041590570,0,2886.0,0.0,0.0,0.4814296255468364,,1389.4058993281699
2025-02-24,0.7009826399498749,42041590570,1,6485.7,6485.7,4546.3631079229035,0.29901736005012514,0.29901736005012514,1939.3368920770965
2025-02-17,1.3621583629657592,43904595253,0,2097.0,0.0,0.0,1.3621583629657592,,2856.446087139197
2025-02-24,0.9479136764645848,43904595253,3,4194.0,1398.0,1325.1833196974897,2.0520863235354154,0.6840287745118051,8606.450040907532
2025-02-17,0.48125430510852313,43904694832,5,10485.0,2097.0,1009.190277812573,4.518745694891477,0.9037491389782953,47379.048610937134
2025-02-24,0.4488264800899734,43904694832,8,4089.0,511.125,229.40643463598764,7.5511735199100265,0.9438966899887533,30876.748522912098
2025-02-17,0.14865025829127032,4391268112,0,3447.0,0.0,0.0,0.14865025829127032,,512.3974403300087
2025-02-24,0.10358330814271105,4391268112,2,0.0,0.0,0.0,1.896416691857289,0.9482083459286444,0.0
2025-02-17,0.17798634430737612,43913912032,0,0.0,0.0,0.0,0.17798634430737612,,0.0
2025-02-24,0.0962883195761162,43913912032,0,0.0,0.0,0.0,0.0962883195761162,,0.0
2025-02-17,0.11934158419139645,4709870548,4,13499.1,3374.775,402.75099478952,3.8806584158086035,0.9701646039521509,52385.39602084192
2025-02-24,0.1523577697862415,4709870548,2,4499.7,2249.85,342.7821283535754,1.8476422302137585,0.9238211151068793,8313.83574329285
2025-02-17,0.06608995231360368,42200461570,0,0.0,0.0,0.0,0.06608995231360368,,0.0
2025-02-24,0.011814282520387409,42200461570,0,0.0,0.0,0.0,0.011814282520387409,,0.0
2025-02-17,0.6875003768730481,42332432433,1,1502.1,1502.1,1032.6943161010056,0.3124996231269519,0.3124996231269519,469.4056838989944
2025-02-24,0.4668301686524188,42332432433,0,0.0,0.0,0.0,0.4668301686524188,,0.0
2025-02-17,0.4694869213966494,42332432797,0,0.0,0.0,0.0,0.4694869213966494,,0.0
2025-02-24,0.442823299079113,42332432797,0,0.0,0.0,0.0,0.442823299079113,,0.0
2025-02-17,0.40032114723252465,42332433059,0,0.0,0.0,0.0,0.40032114723252465,,0.0
2025-02-24,0.4503066804609147,42332433059,0,0.0,0.0,0.0,0.4503066804609147,,0.0
2025-02-17,0.36192882609429866,42332433314,0,0.0,0.0,0.0,0.36192882609429866,,0.0
2025-02-24,0.21169664440586933,42332433314,0,0.0,0.0,0.0,0.21169664440586933,,0.0
2025-02-17,1.0679685286402325,4233243369,0,0.0,0.0,0.0,1.0679685286402325,,0.0
2025-02-24,1.392717770092844,4233243369,0,0.0,0.0,0.0,1.392717770092844,,0.0
2025-02-17,0.05597990812794851,42332433924,0,0.0,0.0,0.0,0.05597990812794851,,0.0
2025-02-24,0.01179599317333746,42332433924,0,0.0,0.0,0.0,0.01179599317333746,,0.0
2025-02-17,0.7071793261655542,4244979510,0,0.0,0.0,0.0,0.7071793261655542,,0.0
2025-02-24,1.2869234628183241,4244979510,1,1679.7,1679.7,2161.6453404959393,0.28692346281832415,0.28692346281832415,481.9453404959391
2025-02-17,0.4341170291046254,4396560443,0,0.0,0.0,0.0,0.4341170291046254,,0.0
2025-02-24,0.558694455787746,4396560443,0,0.0,0.0,0.0,0.558694455787746,,0.0
2025-02-17,0.03745657206174895,43965614940,0,0.0,0.0,0.0,0.03745657206174895,,0.0
2025-02-24,0.06325162551209579,43965614940,0,0.0,0.0,0.0,0.06325162551209579,,0.0
2025-02-17,1.9309761598157942,43987972199,3,10798.8,3599.6,6950.741784872933,1.0690238401842058,0.3563412800614019,11544.174645381201
2025-02-24,1.4693168845645306,43987972199,0,0.0,0.0,0.0,1.4693168845645306,,0.0
2025-02-17,2.4047737910031906,43990125856,6,14998.5,2499.75,6011.333284060225,3.5952262089968094,0.5992043681661349,53923.000295638645
2025-02-24,2.997406138947775,43990125856,9,29997.0,3333.0,9990.354661112933,6.002593861052225,0.6669548734502473,180059.8080499836
2025-02-17,0.6615714636000489,43992266349,0,0.0,0.0,0.0,0.6615714636000489,,0.0
2025-02-24,0.6508807448822321,43992266349,0,0.0,0.0,0.0,0.6508807448822321,,0.0
2025-02-17,0.026655405746978476,42931106661,0,0.0,0.0,0.0,0.026655405746978476,,0.0
2025-02-24,0.03446896567338204,42931106661,0,0.0,0.0,0.0,0.03446896567338204,,0.0
2025-02-17,0.6593381618558316,44126860168,0,2580.0,0.0,0.0,0.6593381618558316,,1701.0924575880456
2025-02-24,0.6924816209487159,44126860168,0,0.0,0.0,0.0,0.6924816209487159,,0.0
2025-02-17,0.03146461461205948,47556470434,0,0.0,0.0,0.0,0.03146461461205948,,0.0
2025-02-24,0.017224109921396683,47556470434,3,0.0,0.0,0.0,2.9827758900786034,0.9942586300262012,0.0
2025-02-17,0.14626359875678585,44183603616,0,0.0,0.0,0.0,0.14626359875678585,,0.0
2025-02-24,0.17128468275732842,44183603616,0,0.0,0.0,0.0,0.17128468275732842,,0.0
2025-02-17,0.056578578743989125,42997350212,0,0.0,0.0,0.0,0.056578578743989125,,0.0
2025-02-24,0.09752239711343065,42997350212,0,0.0,0.0,0.0,0.09752239711343065,,0.0
2025-02-17,0.10579105327506247,42997355673,0,0.0,0.0,0.0,0.10579105327506247,,0.0
2025-02-24,0.09325494515244172,42997355673,0,0.0,0.0,0.0,0.09325494515244172,,0.0
2025-02-17,0.0402108458918025,42997361992,0,0.0,0.0,0.0,0.0402108458918025,,0.0
2025-02-24,0.08200251254743471,42997361992,0,0.0,0.0,0.0,0.08200251254743471,,0.0
2025-02-17,0.015708758159969968,42997363795,0,0.0,0.0,0.0,0.015708758159969968,,0.0
2025-02-24,0.007153192781419436,42997363795,0,0.0,0.0,0.0,0.007153192781419436,,0.0
2025-02-17,0.13702524253005258,42997366151,0,0.0,0.0,0.0,0.13702524253005258,,0.0
2025-02-24,0.029565946282056027,42997366151,0,0.0,0.0,0.0,0.029565946282056027,,0.0
2025-02-17,0.33102156227767976,42997370010,1,0.0,0.0,0.0,0.6689784377223202,0.6689784377223202,0.0
2025-02-24,0.38607006672033184,42997370010,1,932.4,932.4,359.9717302100374,0.6139299332796682,0.6139299332796682,572.4282697899625
2025-02-17,1.2120784175037695,42997376375,0,0.0,0.0,0.0,1.2120784175037695,,0.0
2025-02-24,1.2168641559694526,42997376375,0,0.0,0.0,0.0,1.2168641559694526,,0.0
2025-02-17,2.172425366064627,42997389826,2,808.2,404.1,877.8770904267159,0.1724253660646271,0.08621268303231355,139.35418085343164
2025-02-24,1.8696633480974874,42997389826,1,1616.4,1616.4,3022.123835864779,0.8696633480974874,0.8696633480974874,1405.7238358647787
2025-02-17,1.9653500842651923,42997394698,0,0.0,0.0,0.0,1.9653500842651923,,0.0
2025-02-24,2.4096723840009444,42997394698,3,0.0,0.0,0.0,0.5903276159990556,0.1967758719996852,0.0
2025-02-17,3.121516546805779,42997397695,0,0.0,0.0,0.0,3.121516546805779,,0.0
2025-02-24,2.357418877008207,42997397695,1,0.0,0.0,0.0,1.357418877008207,1.357418877008207,0.0
2025-02-17,3.827935187295851,42997399776,0,0.0,0.0,0.0,3.827935187295851,,0.0
2025-02-24,6.167887560121674,42997399776,4,538.2,134.55,829.8892712143713,2.167887560121674,0.5419718900304185,1166.7570848574849
2025-02-17,0.9057511974143057,42997403955,0,0.0,0.0,0.0,0.9057511974143057,,0.0
2025-02-24,0.5914920922704936,42997403955,0,0.0,0.0,0.0,0.5914920922704936,,0.0
2025-02-17,2.478394289762059,42997424093,2,2493.0,1246.5,3089.3184821884065,0.478394289762059,0.2391971448810295,1192.636964376813
2025-02-24,2.2613128527511392,42997424093,1,0.0,0.0,0.0,1.2613128527511392,1.2613128527511392,0.0
2025-02-17,2.8436505572391653,42997426167,0,0.0,0.0,0.0,2.8436505572391653,,0.0
2025-02-24,3.086718311063051,42997426167,1,0.0,0.0,0.0,2.086718311063051,2.086718311063051,0.0
2025-02-17,4.298063694681459,27878669323,0,0.0,0.0,0.0,4.298063694681459,,0.0
2025-02-24,3.917541980520862,27878669323,1,429.0,429.0,1680.62550964345,2.917541980520862,2.917541980520862,1251.62550964345
2025-02-17,1.431821729136061,27878726372,5,1440.9,288.18,412.6223859024301,3.568178270863939,0.7136356541727877,5141.38807048785
2025-02-24,1.5135348306555843,27878726372,0,422.4,0.0,0.0,1.5135348306555843,,639.3171124689187
2025-02-17,1.1354449838857565,2787887686,0,0.0,0.0,0.0,1.1354449838857565,,0.0
2025-02-24,0.577563968965201,2787887686,0,0.0,0.0,0.0,0.577563968965201,,0.0
2025-02-17,0.011423290941978977,44255064283,0,0.0,0.0,0.0,0.011423290941978977,,0.0
2025-02-24,0.012425311353985488,44255064283,0,0.0,0.0,0.0,0.012425311353985488,,0.0
2025-02-17,0.0750110378560861,44255064557,0,0.0,0.0,0.0,0.0750110378560861,,0.0
2025-02-24,0.10997670002038434,44255064557,0,0.0,0.0,0.0,0.10997670002038434,,0.0
2025-02-17,0.017839446647128138,44255064844,0,0.0,0.0,0.0,0.017839446647128138,,0.0
2025-02-24,0.016558505354389977,44255064844,0,0.0,0.0,0.0,0.016558505354389977,,0.0
2025-02-17,0.0272464307070905,44255065129,0,0.0,0.0,0.0,0.0272464307070905,,0.0
2025-02-24,0.02558134961345502,44255065129,0,0.0,0.0,0.0,0.02558134961345502,,0.0
2025-02-17,0.2545944979153691,44255065493,0,0.0,0.0,0.0,0.2545944979153691,,0.0
2025-02-24,0.17951595295429368,44255065493,0,0.0,0.0,0.0,0.17951595295429368,,0.0
2025-02-17,0.0417151341949985,44255065774,0,0.0,0.0,0.0,0.0417151341949985,,0.0
2025-02-24,0.06668123521751651,44255065774,0,0.0,0.0,0.0,0.06668123521751651,,0.0
2025-02-17,12.797078109789949,35414490964,1,0.0,0.0,0.0,11.797078109789949,11.797078109789949,0.0
2025-02-24,11.565460490361064,35414490964,6,4430.7,738.4499999999999,8540.514299107126,5.565460490361064,0.9275767483935106,24658.885794642763
2025-02-17,1.4397871248132432,28809186837,3,5238.0,1746.0,2513.8683199239226,1.5602128751867568,0.5200709583955856,8172.395040228232
2025-02-24,1.4128033784932164,28809186837,1,0.0,0.0,0.0,0.41280337849321636,0.41280337849321636,0.0
2025-02-17,0.32626757613060997,28809187395,0,0.0,0.0,0.0,0.32626757613060997,,0.0
2025-02-24,0.4182043736128751,28809187395,0,0.0,0.0,0.0,0.4182043736128751,,0.0
2025-02-17,-0.03526500198995704,28809187852,0,0.0,0.0,-0.0,0.03526500198995704,,0.0
2025-02-24,-0.029272150093142824,28809187852,0,0.0,0.0,-0.0,0.029272150093142824,,0.0
2025-02-17,0.3971287787121246,28809207396,0,0.0,0.0,0.0,0.3971287787121246,,0.0
2025-02-24,-0.14726182952726274,28809207396,0,0.0,0.0,-0.0,0.14726182952726274,,0.0
2025-02-17,0.7227026510025274,28809212359,0,1326.9,0.0,0.0,0.7227026510025274,,958.9541476152536
2025-02-24,0.8545836057701552,28809212359,1,0.0,0.0,0.0,0.14541639422984476,0.14541639422984476,0.0
2025-02-17,0.10263608288004322,28809285342,0,0.0,0.0,0.0,0.10263608288004322,,0.0
2025-02-24,0.053081643564649506,28809285342,1,0.0,0.0,0.0,0.9469183564353505,0.9469183564353505,0.0
2025-02-17,0.25369158664530816,28809472364,0,0.0,0.0,0.0,0.25369158664530816,,0.0
2025-02-24,0.16886287864724608,28809472364,0,0.0,0.0,0.0,0.16886287864724608,,0.0
2025-02-17,0.4129228736596168,28809487326,0,0.0,0.0,0.0,0.4129228736596168,,0.0
2025-02-24,0.38095589339106534,28809487326,0,0.0,0.0,0.0,0.38095589339106534,,0.0
2025-02-17,-0.1039849542656951,28809487836,0,0.0,0.0,-0.0,0.1039849542656951,,0.0
2025-02-24,-0.06747015767447273,28809487836,0,0.0,0.0,-0.0,0.06747015767447273,,0.0
2025-02-17,0.019490120248596206,28809488890,0,0.0,0.0,0.0,0.019490120248596206,,0.0
2025-02-24,0.02792910903593028,28809488890,0,0.0,0.0,0.0,0.02792910903593028,,0.0
2025-02-17,1.9905642467793752,28809489369,4,0.0,0.0,0.0,2.009435753220625,0.5023589383051562,0.0
2025-02-24,1.6003420687274983,28809489369,0,0.0,0.0,0.0,1.6003420687274983,,0.0
2025-02-17,-0.6837749343910073,28809490329,0,0.0,0.0,-0.0,0.6837749343910073,,0.0
2025-02-24,-1.3624131823905608,28809490329,0,0.0,0.0,-0.0,1.3624131823905608,,0.0
2025-02-17,2.899099495690339,35760801349,6,342.0,57.0,165.24867125434932,3.100900504309661,0.5168167507182768,1060.507972473904
2025-02-24,2.4314398851933214,35760801349,0,0.0,0.0,0.0,2.4314398851933214,,0.0
2025-02-17,2.206733946191113,35760801674,2,781.2,390.6,861.9502793822487,0.20673394619111285,0.10336697309555642,161.50055876449736
2025-02-24,2.238309799524756,35760801674,1,390.6,390.6,874.2838076943697,1.2383097995247558,1.2383097995247558,483.68380769436965
2025-02-17,2.2492805957814164,35760801996,1,406.8,406.8,915.0073463638802,1.2492805957814164,1.2492805957814164,508.2073463638802
2025-02-24,1.6950304118995299,35760801996,2,406.8,203.4,344.7691857803644,0.30496958810047015,0.15248479405023507,124.06162843927126
2025-02-17,-0.12413021333771479,35760802537,0,0.0,0.0,-0.0,0.12413021333771479,,0.0
2025-02-24,-0.07921361241136199,35760802537,0,0.0,0.0,-0.0,0.07921361241136199,,0.0
2025-02-17,0.32975809333858874,35760802857,0,0.0,0.0,0.0,0.32975809333858874,,0.0
2025-02-24,0.31567140791940107,35760802857,0,0.0,0.0,0.0,0.31567140791940107,,0.0
2025-02-17,-0.06269096331976781,35760803117,0,0.0,0.0,-0.0,0.06269096331976781,,0.0
2025-02-24,-0.024406965818737685,35760803117,0,0.0,0.0,-0.0,0.024406965818737685,,0.0
2025-02-17,-0.002430308380169305,35760803493,0,0.0,0.0,-0.0,0.002430308380169305,,0.0
2025-02-24,-0.012338102217547189,35760803493,0,0.0,0.0,-0.0,0.012338102217547189,,0.0
2025-02-17,0.05405680469985559,35760803736,0,0.0,0.0,0.0,0.05405680469985559,,0.0
2025-02-24,0.06669641548708923,35760803736,0,0.0,0.0,0.0,0.06669641548708923,,0.0
2025-02-17,-0.06034786793372948,35760804010,0,0.0,0.0,-0.0,0.06034786793372948,,0.0
2025-02-24,-0.07640008517014812,35760804010,0,0.0,0.0,-0.0,0.07640008517014812,,0.0
2025-02-17,7.142516029283505,35760804375,4,273.6,68.4,488.5480964029918,3.142516029283505,0.7856290073208763,859.792385611967
2025-02-24,11.13829186605369,35760804375,4,1094.4,273.6,3047.43665455229,7.13829186605369,1.7845729665134225,7812.146618209159
2025-02-17,0.8850079098632802,35760804684,1,974.1,974.1,862.0862049978213,0.11499209013671985,0.11499209013671985,112.01379500217881
2025-02-24,1.240252226461831,35760804684,3,0.0,0.0,0.0,1.759747773538169,0.5865825911793897,0.0
2025-02-17,0.7798818500418818,35760805289,1,781.2,781.2,609.2437012527181,0.22011814995811818,0.22011814995811818,171.95629874728192
2025-02-24,0.6554482871354264,35760805289,4,390.6,97.65,64.00452523877439,3.3445517128645736,0.8361379282161434,1306.3818990449026
2025-02-17,2.0340147149281282,35760805824,4,1333.8,333.45,678.2422066927843,1.9659852850718718,0.49149632126796794,2622.2311732288626
2025-02-24,2.002051964413912,35760805824,2,2667.6,1333.8,2670.336910135276,0.0020519644139120885,0.0010259822069560443,5.4738202705518875
2025-02-17,0.1350290013017429,35760806147,0,493.2,0.0,0.0,0.1350290013017429,,66.59630344201959
2025-02-24,0.0935830633631492,35760806147,0,0.0,0.0,0.0,0.0935830633631492,,0.0
2025-02-17,0.07756110203655195,35760806772,0,0.0,0.0,0.0,0.07756110203655195,,0.0
2025-02-24,0.10425006547456037,35760806772,0,0.0,0.0,0.0,0.10425006547456037,,0.0
2025-02-17,-0.0064306181037276575,35760807010,0,0.0,0.0,-0.0,0.0064306181037276575,,0.0
2025-02-24,-0.010503061644406678,35760807010,0,0.0,0.0,-0.0,0.010503061644406678,,0.0
2025-02-17,5.126292273122366,35760807974,3,820.8,273.59999999999997,1402.5535659262791,2.126292273122366,0.7087640910407886,1745.2606977788378
2025-02-24,5.014061331305325,35760807974,8,273.6,34.2,171.48089753064212,2.9859386686946747,0.37324233358683434,816.9528197548631
2025-02-17,0.9906865091187007,35760808239,0,0.0,0.0,0.0,0.9906865091187007,,0.0
2025-02-24,0.4367656262959497,35760808239,0,0.0,0.0,0.0,0.4367656262959497,,0.0
2025-02-17,2.60231298161057,35760808866,5,1220.4,244.08,635.172552551508,2.39768701838943,0.479537403677886,2926.1372372424603
2025-02-24,3.7238437768155386,35760808866,1,1220.4,1220.4,4544.578945225684,2.7238437768155386,2.7238437768155386,3324.1789452256835
2025-02-17,0.5036300940792906,35760809493,0,0.0,0.0,0.0,0.5036300940792906,,0.0
2025-02-24,0.45984010263134395,35760809493,0,0.0,0.0,0.0,0.45984010263134395,,0.0
2025-02-17,0.9356143259428873,35760809723,0,0.0,0.0,0.0,0.9356143259428873,,0.0
2025-02-24,1.4554244956912035,35760809723,0,0.0,0.0,0.0,1.4554244956912035,,0.0
2025-02-17,0.09546296623389494,35760810312,0,0.0,0.0,0.0,0.09546296623389494,,0.0
2025-02-24,0.022310355929160565,35760810312,0,0.0,0.0,0.0,0.022310355929160565,,0.0
2025-02-17,0.3620733747274507,35760810624,0,1263.6,0.0,0.0,0.3620733747274507,,457.5159163056067
2025-02-24,-0.06336792982972372,35760810624,0,0.0,0.0,-0.0,0.06336792982972372,,0.0
2025-02-17,5.625730419590679,35760811216,1,0.0,0.0,0.0,4.625730419590679,4.625730419590679,0.0
2025-02-24,6.910514150773784,35760811216,5,273.6,54.720000000000006,378.1433343303415,1.9105141507737837,0.38210283015475677,522.7166716517073
2025-02-17,-0.09734764883798835,30181290347,0,0.0,0.0,-0.0,0.09734764883798835,,0.0
2025-02-24,-0.09928588050957221,30181290347,0,0.0,0.0,-0.0,0.09928588050957221,,0.0
2025-02-17,-0.3202989815835619,30182210325,0,0.0,0.0,-0.0,0.3202989815835619,,0.0
2025-02-24,-0.20309918291024864,30182210325,0,0.0,0.0,-0.0,0.20309918291024864,,0.0
2025-02-17,2.1433203937029393,35797749988,0,0.0,0.0,0.0,2.1433203937029393,,0.0
2025-02-24,1.427299196246281,35797749988,0,0.0,0.0,0.0,1.427299196246281,,0.0
2025-02-17,0.36164221782803596,35845590961,0,1716.0,0.0,0.0,0.36164221782803596,,620.5780457929097
2025-02-24,0.18639137794458416,35845590961,0,0.0,0.0,0.0,0.18639137794458416,,0.0
2025-02-17,0.4585975477956965,35846286376,0,0.0,0.0,0.0,0.4585975477956965,,0.0
2025-02-24,0.29670295192972373,35846286376,0,0.0,0.0,0.0,0.29670295192972373,,0.0
2025-02-17,-0.09051464804976535,35846548593,0,0.0,0.0,-0.0,0.09051464804976535,,0.0
2025-02-24,0.13034112083595217,35846548593,0,0.0,0.0,0.0,0.13034112083595217,,0.0
2025-02-17,3.664638138008149,4475480724,2,719.4,359.7,1318.1703382415312,1.664638138008149,0.8323190690040745,1197.5406764830623
2025-02-24,2.6484084348845696,4475480724,4,1079.1,269.775,714.4743855209847,1.3515915651154304,0.3378978912788576,1458.5024579160608
2025-02-17,-0.08840804997214236,30227761388,0,0.0,0.0,-0.0,0.08840804997214236,,0.0
2025-02-24,-0.1342323299540852,30227761388,0,0.0,0.0,-0.0,0.1342323299540852,,0.0
2025-02-17,0.5020257537880856,30227761828,0,0.0,0.0,0.0,0.5020257537880856,,0.0
2025-02-24,-0.303510232499943,30227761828,0,0.0,0.0,-0.0,0.303510232499943,,0.0
2025-02-17,0.950703803581109,30227763865,0,0.0,0.0,0.0,0.950703803581109,,0.0
2025-02-24,0.9229313894541314,30227763865,0,0.0,0.0,0.0,0.9229313894541314,,0.0
2025-02-17,0.31794435007051636,30227764388,0,0.0,0.0,0.0,0.31794435007051636,,0.0
2025-02-24,0.16416178046499608,30227764388,0,0.0,0.0,0.0,0.16416178046499608,,0.0
2025-02-17,-0.08381888334936122,30227765347,0,0.0,0.0,-0.0,0.08381888334936122,,0.0
2025-02-24,-0.06332868947002826,30227765347,0,0.0,0.0,-0.0,0.06332868947002826,,0.0
2025-02-17,0.6900442944668913,3022776581,1,0.0,0.0,0.0,0.3099557055331087,0.3099557055331087,0.0
2025-02-24,0.6684507299303482,3022776581,0,777.3,0.0,0.0,0.6684507299303482,,519.5867523748595
2025-02-17,1.0866827087515252,30227766812,1,820.8,820.8,891.9491673432518,0.08668270875152517,0.08668270875152517,71.14916734325186
2025-02-24,0.5036617824694152,30227766812,0,0.0,0.0,0.0,0.5036617824694152,,0.0
2025-02-17,0.7676051315344308,3022776731,0,0.0,0.0,0.0,0.7676051315344308,,0.0
2025-02-24,0.5390717017303914,3022776731,0,0.0,0.0,0.0,0.5390717017303914,,0.0
2025-02-17,-0.03908025100385623,30227767831,0,0.0,0.0,-0.0,0.03908025100385623,,0.0
2025-02-24,-0.23785993873848818,30227767831,0,0.0,0.0,-0.0,0.23785993873848818,,0.0
2025-02-17,1.6903392987280015,30227768349,0,0.0,0.0,0.0,1.6903392987280015,,0.0
2025-02-24,1.0921270997348098,30227768349,0,0.0,0.0,0.0,1.0921270997348098,,0.0
2025-02-17,1.6321013350834421,30227768888,0,0.0,0.0,0.0,1.6321013350834421,,0.0
2025-02-24,1.08745731565217,30227768888,0,0.0,0.0,0.0,1.08745731565217,,0.0
2025-02-17,-0.6946413840128624,30227769326,0,0.0,0.0,-0.0,0.6946413840128624,,0.0
2025-02-24,-1.1802296456017358,30227769326,0,0.0,0.0,-0.0,1.1802296456017358,,0.0
2025-02-17,0.5078711346276288,30227769849,0,0.0,0.0,0.0,0.5078711346276288,,0.0
2025-02-24,0.26799520817053046,30227769849,0,0.0,0.0,0.0,0.26799520817053046,,0.0
2025-02-17,-0.06579079948015282,30323747828,0,0.0,0.0,-0.0,0.06579079948015282,,0.0
2025-02-24,-0.08643256589496055,30323747828,0,0.0,0.0,-0.0,0.08643256589496055,,0.0
2025-02-17,-0.037364417876854655,30323761316,0,0.0,0.0,-0.0,0.037364417876854655,,0.0
2025-02-24,-0.06864870616764313,30323761316,0,0.0,0.0,-0.0,0.06864870616764313,,0.0
2025-02-17,-0.12124654636822149,30323764884,0,0.0,0.0,-0.0,0.12124654636822149,,0.0
2025-02-24,-0.13294657248887812,30323764884,0,0.0,0.0,-0.0,0.13294657248887812,,0.0
2025-02-17,1.1247112774118593,4486038235,0,0.0,0.0,0.0,1.1247112774118593,,0.0
2025-02-24,0.6809391865471213,4486038235,1,1729.8,1729.8,1177.8886048892102,0.31906081345287873,0.31906081345287873,551.9113951107896
2025-02-17,0.016535624110263148,44860385651,0,0.0,0.0,0.0,0.016535624110263148,,0.0
2025-02-24,0.029093496980426965,44860385651,0,0.0,0.0,0.0,0.029093496980426965,,0.0
2025-02-17,1.4933950711653243,36407064097,0,0.0,0.0,0.0,1.4933950711653243,,0.0
2025-02-24,0.039537524227543475,36407064097,0,0.0,0.0,0.0,0.039537524227543475,,0.0
2025-02-17,9.830400155765183,36442662378,0,1799.7,0.0,0.0,9.830400155765183,,17691.7711603306
2025-02-24,8.572368327829203,36442662378,1,1799.7,1799.7,15427.691279594217,7.572368327829203,7.572368327829203,13627.991279594216
2025-02-17,1.1250632759465335,36442913739,1,3899.7,3899.7,4387.4092572086965,0.12506327594653355,0.12506327594653355,487.70925720869684
2025-02-24,0.8041724760286302,36442913739,1,3899.7,3899.7,3136.031404768849,0.19582752397136982,0.19582752397136982,763.6685952311509
2025-02-17,0.3032809264485097,38280841811,0,0.0,0.0,0.0,0.3032809264485097,,0.0
2025-02-24,0.2636756625631077,38280841811,1,0.0,0.0,0.0,0.7363243374368923,0.7363243374368923,0.0
2025-02-17,0.02824380169882365,31260538389,0,0.0,0.0,0.0,0.02824380169882365,,0.0
2025-02-24,0.020163051432283117,31260538389,0,0.0,0.0,0.0,0.020163051432283117,,0.0
2025-02-17,-0.02527314727333123,31260608522,0,0.0,0.0,-0.0,0.02527314727333123,,0.0
2025-02-24,-0.050452235846793675,31260608522,1,0.0,0.0,-0.0,1.0504522358467936,1.0504522358467936,0.0
2025-02-17,-0.5500200645430185,31298226737,0,0.0,0.0,-0.0,0.5500200645430185,,0.0
2025-02-24,-0.3986118942534059,31298226737,0,0.0,0.0,-0.0,0.3986118942534059,,0.0
2025-02-17,-0.01696336990767188,31299041897,0,0.0,0.0,-0.0,0.01696336990767188,,0.0
2025-02-24,-0.06331661319447154,31299041897,0,0.0,0.0,-0.0,0.06331661319447154,,0.0
2025-02-17,0.3210406741426747,31305483427,0,0.0,0.0,0.0,0.3210406741426747,,0.0
2025-02-24,0.29098619882475485,31305483427,0,0.0,0.0,0.0,0.29098619882475485,,0.0
2025-02-17,0.06439308569189775,31306190523,0,0.0,0.0,0.0,0.06439308569189775,,0.0
2025-02-24,-0.20885109910527258,31306190523,0,0.0,0.0,-0.0,0.20885109910527258,,0.0
2025-02-17,0.2172219725179365,31315209729,0,0.0,0.0,0.0,0.2172219725179365,,0.0
2025-02-24,-0.23455436631476556,31315209729,0,0.0,0.0,-0.0,0.23455436631476556,,0.0
2025-02-17,-0.025519072435764442,31376582820,0,0.0,0.0,-0.0,0.025519072435764442,,0.0
2025-02-24,-0.0038677160403792266,31376582820,0,0.0,0.0,-0.0,0.0038677160403792266,,0.0
2025-02-17,-0.06186581809564917,31376614032,0,0.0,0.0,-0.0,0.06186581809564917,,0.0
2025-02-24,-0.05916638530509766,31376614032,9,0.0,0.0,-0.0,9.059166385305097,1.0065740428116774,0.0
2025-02-17,0.30432917890631384,31603725134,0,0.0,0.0,0.0,0.30432917890631384,,0.0
2025-02-24,0.01561810953849374,31603725134,0,0.0,0.0,0.0,0.01561810953849374,,0.0
2025-02-17,0.46559532443135887,31698186711,0,0.0,0.0,0.0,0.46559532443135887,,0.0
2025-02-24,0.0922464890718197,31698186711,0,0.0,0.0,0.0,0.0922464890718197,,0.0
2025-02-17,-0.0016710217871940963,3691275758,0,0.0,0.0,-0.0,0.0016710217871940963,,0.0
2025-02-24,-0.10525022450232904,3691275758,0,0.0,0.0,-0.0,0.10525022450232904,,0.0
2025-02-17,0.42328487323313385,36918045023,0,0.0,0.0,0.0,0.42328487323313385,,0.0
2025-02-24,0.47040560142051424,36918045023,0,0.0,0.0,0.0,0.47040560142051424,,0.0
2025-02-17,0.14653013498471096,36923304973,0,0.0,0.0,0.0,0.14653013498471096,,0.0
2025-02-24,0.17198399099344222,36923304973,0,0.0,0.0,0.0,0.17198399099344222,,0.0
2025-02-17,0.2251741314413856,3692477582,0,0.0,0.0,0.0,0.2251741314413856,,0.0
2025-02-24,0.06566835187289724,3692477582,0,0.0,0.0,0.0,0.06566835187289724,,0.0
2025-02-17,0.06808324030638885,36924792617,0,0.0,0.0,0.0,0.06808324030638885,,0.0
2025-02-24,0.08784942841357973,36924792617,0,0.0,0.0,0.0,0.08784942841357973,,0.0
2025-02-17,0.03205499394818016,36925028712,0,0.0,0.0,0.0,0.03205499394818016,,0.0
2025-02-24,0.019020744966693513,36925028712,0,0.0,0.0,0.0,0.019020744966693513,,0.0
2025-02-17,-0.01865440935926556,36925451776,0,0.0,0.0,-0.0,0.01865440935926556,,0.0
2025-02-24,0.0008771019773256769,36925451776,0,0.0,0.0,0.0,0.0008771019773256769,,0.0
2025-02-17,-0.010919686474688196,36932256672,0,0.0,0.0,-0.0,0.010919686474688196,,0.0
2025-02-24,-0.003146013847909669,36932256672,0,0.0,0.0,-0.0,0.003146013847909669,,0.0
2025-02-17,0.0651663320459673,36934182989,0,0.0,0.0,0.0,0.0651663320459673,,0.0
2025-02-24,-0.00024318978616113401,36934182989,0,0.0,0.0,-0.0,0.00024318978616113401,,0.0
2025-02-17,0.20155932706597424,38854719931,0,0.0,0.0,0.0,0.20155932706597424,,0.0
2025-02-24,0.13742461976115095,38854719931,0,0.0,0.0,0.0,0.13742461976115095,,0.0
2025-02-17,0.6839688633859442,39231034278,0,0.0,0.0,0.0,0.6839688633859442,,0.0
2025-02-24,0.776873854283827,39231034278,0,0.0,0.0,0.0,0.776873854283827,,0.0
2025-02-17,1.1900685526046937,39233855712,1,7799.7,7799.7,9282.17768975083,0.19006855260469369,0.19006855260469369,1482.4776897508293
2025-02-24,1.4131834790336142,39233855712,2,7499.7,3749.85,5299.226068854198,0.5868165209663858,0.2934082604831929,4400.947862291604
2025-02-17,0.7459823780453416,40790539263,0,0.0,0.0,0.0,0.7459823780453416,,0.0
2025-02-24,0.553882052703156,40790539263,1,1649.7,1649.7,913.7392223443966,0.44611794729684395,0.44611794729684395,735.9607776556035
2025-02-17,2.6076410164423907,41273568359,3,0.0,0.0,0.0,0.39235898355760934,0.13078632785253644,0.0
2025-02-24,2.5657911129829207,41273568359,1,0.0,0.0,0.0,1.5657911129829207,1.5657911129829207,0.0
2025-02-17,0.44281050211904327,3238598023,0,0.0,0.0,0.0,0.44281050211904327,,0.0
2025-02-24,0.4519180387221744,3238598023,0,0.0,0.0,0.0,0.4519180387221744,,0.0
2025-02-17,0.8503426410544552,36952764350,0,0.0,0.0,0.0,0.8503426410544552,,0.0
2025-02-24,0.5683504729847659,36952764350,0,0.0,0.0,0.0,0.5683504729847659,,0.0
2025-02-17,0.3107777767477704,36952921551,0,0.0,0.0,0.0,0.3107777767477704,,0.0
2025-02-24,0.7431860695686393,36952921551,0,0.0,0.0,0.0,0.7431860695686393,,0.0
2025-02-17,0.7938601615417019,36952968358,1,0.0,0.0,0.0,0.20613983845829809,0.20613983845829809,0.0
2025-02-24,0.8056629073982857,36952968358,0,5399.7,0.0,0.0,0.8056629073982857,,4350.338001078523
2025-02-17,2.168854431401167,42834137936,0,0.0,0.0,0.0,2.168854431401167,,0.0
2025-02-24,2.457302761705285,42834137936,1,0.0,0.0,0.0,1.457302761705285,1.457302761705285,0.0
2025-02-17,0.09116412317762618,42931108441,0,0.0,0.0,0.0,0.09116412317762618,,0.0
2025-02-24,0.08745788022087272,42931108441,0,0.0,0.0,0.0,0.08745788022087272,,0.0
2025-02-17,0.028082136955564274,32527221461,0,0.0,0.0,0.0,0.028082136955564274,,0.0
2025-02-24,0.012182108724620652,32527221461,0,0.0,0.0,0.0,0.012182108724620652,,0.0
2025-02-17,5.935193168131049,32527222047,0,0.0,0.0,0.0,5.935193168131049,,0.0
2025-02-24,5.596661006265521,32527222047,1,0.0,0.0,0.0,4.596661006265521,4.596661006265521,0.0
2025-02-17,2.563037257224348,32527222347,0,0.0,0.0,0.0,2.563037257224348,,0.0
2025-02-24,1.354238229338154,32527222347,1,0.0,0.0,0.0,0.3542382293381541,0.3542382293381541,0.0
2025-02-17,0.2630102816657608,3252722291,0,0.0,0.0,0.0,0.2630102816657608,,0.0
2025-02-24,0.3175088595400745,3252722291,0,0.0,0.0,0.0,0.3175088595400745,,0.0
2025-02-17,-0.3128301967521875,32643461542,0,0.0,0.0,-0.0,0.3128301967521875,,0.0
2025-02-24,-0.6597025924672086,32643461542,0,0.0,0.0,-0.0,0.6597025924672086,,0.0
2025-02-17,0.05291725156067875,32644385273,0,0.0,0.0,0.0,0.05291725156067875,,0.0
2025-02-24,0.15411544005106942,32644385273,0,0.0,0.0,0.0,0.15411544005106942,,0.0
2025-02-17,0.21868420736172686,32644501966,0,0.0,0.0,0.0,0.21868420736172686,,0.0
2025-02-24,0.4178516271876617,32644501966,0,0.0,0.0,0.0,0.4178516271876617,,0.0
2025-02-17,0.9589530892528019,32644518750,0,0.0,0.0,0.0,0.9589530892528019,,0.0
2025-02-24,0.3682254732976705,32644518750,0,0.0,0.0,0.0,0.3682254732976705,,0.0
2025-02-17,0.17756518315814185,32746043597,0,0.0,0.0,0.0,0.17756518315814185,,0.0
2025-02-24,0.47309991137606955,32746043597,0,0.0,0.0,0.0,0.47309991137606955,,0.0
2025-02-17,0.004295781428335699,32812905448,0,0.0,0.0,0.0,0.004295781428335699,,0.0
2025-02-24,-0.024089215868227737,32812905448,0,0.0,0.0,-0.0,0.024089215868227737,,0.0
2025-02-17,-0.003049251122928573,32815784212,0,0.0,0.0,-0.0,0.003049251122928573,,0.0
2025-02-24,-0.0014139190639854207,32815784212,0,0.0,0.0,-0.0,0.0014139190639854207,,0.0
2025-02-17,0.5231426916465396,37232337056,1,0.0,0.0,0.0,0.4768573083534604,0.4768573083534604,0.0
2025-02-24,0.5004544692185748,37232337056,1,627.0,627.0,313.7849522000464,0.49954553078142516,0.49954553078142516,313.2150477999536
2025-02-17,0.1780699701941726,42997339136,0,0.0,0.0,0.0,0.1780699701941726,,0.0
2025-02-24,0.13305972157290386,42997339136,1,0.0,0.0,0.0,0.8669402784270961,0.8669402784270961,0.0
2025-02-17,0.3106743302950392,42997343957,1,1301.4,1301.4,404.3115734459641,0.6893256697049608,0.6893256697049608,897.088426554036
2025-02-24,0.4021275356675716,42997343957,1,0.0,0.0,0.0,0.5978724643324285,0.5978724643324285,0.0
2025-02-17,0.16296741529828024,42997346034,0,0.0,0.0,0.0,0.16296741529828024,,0.0
2025-02-24,0.20053776977953372,42997346034,0,0.0,0.0,0.0,0.20053776977953372,,0.0
2025-02-17,0.1978479570694316,42997357738,0,0.0,0.0,0.0,0.1978479570694316,,0.0
2025-02-24,0.10547062496365449,42997357738,0,0.0,0.0,0.0,0.10547062496365449,,0.0
2025-02-17,0.13774055585493816,42997360431,0,0.0,0.0,0.0,0.13774055585493816,,0.0
2025-02-24,0.11201203986890351,42997360431,0,0.0,0.0,0.0,0.11201203986890351,,0.0
2025-02-17,0.04443243550237177,4299736790,0,0.0,0.0,0.0,0.04443243550237177,,0.0
2025-02-24,0.14370374307808978,4299736790,0,0.0,0.0,0.0,0.14370374307808978,,0.0
2025-02-17,0.31175697473932173,42997372184,0,0.0,0.0,0.0,0.31175697473932173,,0.0
2025-02-24,0.18721374966431417,42997372184,0,0.0,0.0,0.0,0.18721374966431417,,0.0
2025-02-17,0.4783726983726181,42997374577,0,0.0,0.0,0.0,0.4783726983726181,,0.0
2025-02-24,0.8268938628762428,42997374577,0,0.0,0.0,0.0,0.8268938628762428,,0.0
2025-02-17,1.1635889965959296,42997385022,1,0.0,0.0,0.0,0.16358899659592963,0.16358899659592963,0.0
2025-02-24,0.7888210411223298,42997385022,1,808.2,808.2,637.5251654350669,0.21117895887767024,0.21117895887767024,170.6748345649331
2025-02-17,2.160220105152486,4299740219,1,538.2,538.2,1162.6304605930682,1.160220105152486,1.160220105152486,624.430460593068
2025-02-24,2.9068446127528573,4299740219,1,0.0,0.0,0.0,1.9068446127528573,1.9068446127528573,0.0
2025-02-17,4.675047576731993,42997420495,0,0.0,0.0,0.0,4.675047576731993,,0.0
2025-02-24,4.073806472664456,42997420495,1,0.0,0.0,0.0,3.0738064726644563,3.0738064726644563,0.0
2025-02-17,4.049076768594676,42997421911,0,0.0,0.0,0.0,4.049076768594676,,0.0
2025-02-24,3.314277355583787,42997421911,4,0.0,0.0,0.0,0.685722644416213,0.17143066110405325,0.0
2025-02-17,3.2049490747537597,42997430687,0,0.0,0.0,0.0,3.2049490747537597,,0.0
2025-02-24,3.39850289612167,42997430687,1,0.0,0.0,0.0,2.39850289612167,2.39850289612167,0.0
2025-02-17,12.943413972734596,37342256451,4,16798.2,4199.55,54356.514149197574,8.943413972734596,2.235853493183649,150233.2565967903
2025-02-24,10.103867478919286,37342256451,7,20547.9,2935.414285714286,29659.03693858366,3.1038674789192857,0.44340963984561227,63777.9585700856
2025-02-17,19.661977216314952,37343374872,8,4798.8,599.85,11794.237033206524,11.661977216314952,1.457747152039369,55963.4962656522
2025-02-24,16.621600144946438,37343374872,6,7947.9,1324.6499999999999,22017.802632003295,10.621600144946438,1.7702666908244062,84419.41579201979
2025-02-17,19.582878656624843,37344189072,8,11337.0,1417.125,27751.38691626948,11.582878656624843,1.4478598320781053,131315.09533015583
2025-02-24,17.78169754224219,37344189072,8,3599.1,449.8875,7999.763453035483,9.781697542242188,1.2227121927802735,35205.30762428386
2025-02-17,3.22646448759778,37344544280,2,4546.5,2273.25,7334.560396431653,1.22646448759778,0.61323224379889,5576.120792863307
2025-02-24,0.6514919105306182,37344544280,2,3059.4,1529.7,996.5871755386867,1.348508089469382,0.674254044734691,4125.625648922627
2025-02-17,0.7204805539149572,38281454130,1,712.5,712.5,513.342394664407,0.27951944608504276,0.27951944608504276,199.15760533559296
2025-02-24,0.4934781780202987,38281454130,0,0.0,0.0,0.0,0.4934781780202987,,0.0
2025-02-17,0.007542273549679037,38282283940,0,0.0,0.0,0.0,0.007542273549679037,,0.0
2025-02-24,0.03909732128771229,38282283940,0,0.0,0.0,0.0,0.03909732128771229,,0.0
2025-02-17,1.9837679404510304,38353593948,3,4070.1,1356.7,2691.377964809913,1.0162320595489696,0.3387440198496565,4136.166105570261
2025-02-24,2.095773586020698,38353593948,3,2759.4,919.8000000000001,1927.6925444218382,0.9042264139793019,0.3014088046597673,2495.1223667344857
2025-02-17,7.3070373934137525,38354014830,0,0.0,0.0,0.0,7.3070373934137525,,0.0
2025-02-24,6.865833669292027,38354014830,0,0.0,0.0,0.0,6.865833669292027,,0.0
2025-02-17,12.13832910489645,38354067981,4,4019.4,1004.85,12197.200001055198,8.13832910489645,2.0345822762241124,32711.20000422079
2025-02-24,12.382201700660309,38354067981,8,16077.6,2009.7,24884.510757817025,4.382201700660309,0.5477752125825386,70455.28606253618
2025-02-17,-0.049498843804549775,38354074222,0,0.0,0.0,-0.0,0.049498843804549775,,0.0
2025-02-24,-0.2492442897727392,38354074222,0,0.0,0.0,-0.0,0.2492442897727392,,0.0
2025-02-17,0.010882791276060552,38598934876,0,0.0,0.0,0.0,0.010882791276060552,,0.0
2025-02-24,-0.011324943312215605,38598934876,0,0.0,0.0,-0.0,0.011324943312215605,,0.0
2025-02-17,0.034762486657270227,38599735521,0,0.0,0.0,0.0,0.034762486657270227,,0.0
2025-02-24,-0.01340799264693147,38599735521,0,0.0,0.0,-0.0,0.01340799264693147,,0.0
2025-02-17,0.24164674259024113,38675272223,0,0.0,0.0,0.0,0.24164674259024113,,0.0
2025-02-24,0.20732161919407752,38675272223,0,0.0,0.0,0.0,0.20732161919407752,,0.0
2025-02-17,0.0759105263559963,38676507640,0,0.0,0.0,0.0,0.0759105263559963,,0.0
2025-02-24,0.07884199240018194,38676507640,0,0.0,0.0,0.0,0.07884199240018194,,0.0
2025-02-17,0.24795790765459813,38676661854,0,0.0,0.0,0.0,0.24795790765459813,,0.0
2025-02-24,0.18990235067825395,38676661854,0,0.0,0.0,0.0,0.18990235067825395,,0.0
2025-02-17,0.3455922323463133,38676704412,0,0.0,0.0,0.0,0.3455922323463133,,0.0
2025-02-24,0.3592466382264822,38676704412,0,0.0,0.0,0.0,0.3592466382264822,,0.0
2025-02-17,-0.013745215253902918,38676726059,0,0.0,0.0,-0.0,0.013745215253902918,,0.0
2025-02-24,-0.003847297826985077,38676726059,0,0.0,0.0,-0.0,0.003847297826985077,,0.0
2025-02-17,0.4465955194571166,38676919811,1,462.6,462.6,206.59508730086216,0.5534044805428834,0.5534044805428834,256.0049126991379
2025-02-24,0.6682782578982005,38676919811,0,462.6,0.0,0.0,0.6682782578982005,,309.14552210370755
2025-02-17,2.0956193591520242,38676944496,0,0.0,0.0,0.0,2.0956193591520242,,0.0
2025-02-24,1.7075853242287418,38676944496,0,0.0,0.0,0.0,1.7075853242287418,,0.0
2025-02-17,0.8648733173933771,38677029055,0,0.0,0.0,0.0,0.8648733173933771,,0.0
2025-02-24,0.7323282829520508,38677029055,0,0.0,0.0,0.0,0.7323282829520508,,0.0
2025-02-17,0.6952679782173081,38677032646,0,0.0,0.0,0.0,0.6952679782173081,,0.0
2025-02-24,0.6771594883875955,38677032646,1,0.0,0.0,0.0,0.32284051161240446,0.32284051161240446,0.0
2025-02-17,1.6589106989678621,38677051225,0,0.0,0.0,0.0,1.6589106989678621,,0.0
2025-02-24,1.56053920542378,38677051225,3,0.0,0.0,0.0,1.43946079457622,0.47982026485873996,0.0
2025-02-17,1.903257560379653,38677090284,2,1533.6,766.8,1459.4178972991178,0.0967424396203469,0.04837121981017345,148.364205401764
2025-02-24,1.7176154881682941,38677090284,1,1022.4,1022.4,1756.0900751032639,0.7176154881682941,0.7176154881682941,733.6900751032639
2025-02-17,1.0044504214078205,38677235450,0,1022.4,0.0,0.0,1.0044504214078205,,1026.9501108473557
2025-02-24,0.8173047644360425,38677235450,0,0.0,0.0,0.0,0.8173047644360425,,0.0
2025-02-17,0.5424042119538213,38677320037,0,0.0,0.0,0.0,0.5424042119538213,,0.0
2025-02-24,0.32408363636922394,38677320037,2,730.8,365.4,118.42016072931442,1.6759163636307761,0.8379581818153881,1224.7596785413712
2025-02-17,0.07073209751462246,38677419399,0,0.0,0.0,0.0,0.07073209751462246,,0.0
2025-02-24,0.05601445488063376,38677419399,1,0.0,0.0,0.0,0.9439855451193663,0.9439855451193663,0.0
2025-02-17,0.09029630066922474,38677459566,0,365.4,0.0,0.0,0.09029630066922474,,32.99426826453472
2025-02-24,-0.006280359089934816,38677459566,0,365.4,0.0,-0.0,0.006280359089934816,,2.2948432114621817
2025-02-17,0.1389730457681053,3867746102,0,365.4,0.0,0.0,0.1389730457681053,,50.78075092366567
2025-02-24,0.04509442986487648,3867746102,1,0.0,0.0,0.0,0.9549055701351236,0.9549055701351236,0.0
2025-02-17,0.13516171706717772,38677463756,0,0.0,0.0,0.0,0.13516171706717772,,0.0
2025-02-24,0.005930616217301815,38677463756,0,0.0,0.0,0.0,0.005930616217301815,,0.0
2025-02-17,0.5181217919327681,38677465824,0,0.0,0.0,0.0,0.5181217919327681,,0.0
2025-02-24,0.7004041204837319,38677465824,0,0.0,0.0,0.0,0.7004041204837319,,0.0
2025-02-17,18.870389505688387,38781988859,7,10498.5,1499.7857142857142,28301.540603638503,11.870389505688387,1.6957699293840551,124621.28422546953
2025-02-24,15.221221383083513,38781988859,18,29395.8,1633.1,24857.776640713684,2.7787786169164868,0.1543765898286937,81684.42046715366
2025-02-17,0.47168345848068544,38800819249,0,0.0,0.0,0.0,0.47168345848068544,,0.0
2025-02-24,0.4517161027774065,38800819249,1,0.0,0.0,0.0,0.5482838972225935,0.5482838972225935,0.0
2025-02-17,0.5354301690972705,38800942867,0,0.0,0.0,0.0,0.5354301690972705,,0.0
2025-02-24,0.2769332572392401,38800942867,0,0.0,0.0,0.0,0.2769332572392401,,0.0
2025-02-17,0.7571984126825544,38801183774,0,0.0,0.0,0.0,0.7571984126825544,,0.0
2025-02-24,0.720858158816635,38801183774,0,0.0,0.0,0.0,0.720858158816635,,0.0
2025-02-17,0.31923498780163173,38801498118,0,0.0,0.0,0.0,0.31923498780163173,,0.0
2025-02-24,0.37353204216973085,38801498118,0,0.0,0.0,0.0,0.37353204216973085,,0.0
2025-02-17,1.1478598642313529,38801689265,0,0.0,0.0,0.0,1.1478598642313529,,0.0
2025-02-24,0.5871260665112703,38801689265,0,0.0,0.0,0.0,0.5871260665112703,,0.0
2025-02-17,0.047803442706018995,38801749516,0,0.0,0.0,0.0,0.047803442706018995,,0.0
2025-02-24,0.03388544704946338,38801749516,0,0.0,0.0,0.0,0.03388544704946338,,0.0
2025-02-17,0.055770768891647754,38802030325,0,0.0,0.0,0.0,0.055770768891647754,,0.0
2025-02-24,0.038678962003122014,38802030325,0,0.0,0.0,0.0,0.038678962003122014,,0.0
2025-02-17,0.0024105147502480884,38802044766,0,0.0,0.0,0.0,0.0024105147502480884,,0.0
2025-02-24,0.06814967402227282,38802044766,0,0.0,0.0,0.0,0.06814967402227282,,0.0
2025-02-17,0.13205570949148307,3880204628,0,0.0,0.0,0.0,0.13205570949148307,,0.0
2025-02-24,0.066792629091631,3880204628,0,0.0,0.0,0.0,0.066792629091631,,0.0
2025-02-17,0.5160123128879195,38802062486,1,0.0,0.0,0.0,0.4839876871120805,0.4839876871120805,0.0
2025-02-24,0.5979829090003681,38802062486,0,1208.7,0.0,0.0,0.5979829090003681,,722.7819421087449
2025-02-17,1.0248523136178835,38802063648,0,924.0,0.0,0.0,1.0248523136178835,,946.9635377829244
2025-02-24,0.6282862295296934,38802063648,0,0.0,0.0,0.0,0.6282862295296934,,0.0
2025-02-17,0.3399072866672923,38834652679,1,0.0,0.0,0.0,0.6600927133327077,0.6600927133327077,0.0
2025-02-24,0.2199151242501437,38834652679,1,8699.7,8699.7,1913.1956064389753,0.7800848757498563,0.7800848757498563,6786.504393561026
2025-02-17,0.1812972111236798,38854310471,0,0.0,0.0,0.0,0.1812972111236798,,0.0
2025-02-24,0.08508010500311824,38854310471,0,0.0,0.0,0.0,0.08508010500311824,,0.0
2025-02-17,0.02301678264320897,38854484797,1,0.0,0.0,0.0,0.9769832173567911,0.9769832173567911,0.0
2025-02-24,0.040907122721669256,38854484797,0,1815.0,0.0,0.0,0.040907122721669256,,74.2464277398297
2025-02-17,-0.20851343672024536,38854578923,0,0.0,0.0,-0.0,0.20851343672024536,,0.0
2025-02-24,-0.12185594872399517,38854578923,0,0.0,0.0,-0.0,0.12185594872399517,,0.0
2025-02-17,0.500764090927166,38854638939,0,0.0,0.0,0.0,0.500764090927166,,0.0
2025-02-24,0.30335261424103543,38854638939,0,0.0,0.0,0.0,0.30335261424103543,,0.0
2025-02-17,0.2186329688478472,38854871121,0,0.0,0.0,0.0,0.2186329688478472,,0.0
2025-02-24,0.07630331140754909,38854871121,0,0.0,0.0,0.0,0.07630331140754909,,0.0
2025-02-17,0.28305382707801396,38873536553,1,0.0,0.0,0.0,0.716946172921986,0.716946172921986,0.0
2025-02-24,0.31604517703398916,38873536553,0,0.0,0.0,0.0,0.31604517703398916,,0.0
2025-02-17,-0.07110534611621164,38874052232,0,0.0,0.0,-0.0,0.07110534611621164,,0.0
2025-02-24,-0.12771055408741736,38874052232,1,0.0,0.0,-0.0,1.1277105540874173,1.1277105540874173,0.0
2025-02-17,0.051485897882111595,39233070674,0,0.0,0.0,0.0,0.051485897882111595,,0.0
2025-02-24,0.049386347196499786,39233070674,0,0.0,0.0,0.0,0.049386347196499786,,0.0
2025-02-17,0.32906292332316345,39233433918,0,0.0,0.0,0.0,0.32906292332316345,,0.0
2025-02-24,0.3530402116518342,39233433918,0,0.0,0.0,0.0,0.3530402116518342,,0.0
2025-02-17,1.239202771700076,39233458243,0,0.0,0.0,0.0,1.239202771700076,,0.0
2025-02-24,0.8900960908237117,39233458243,1,6599.7,6599.7,5874.36717060925,0.10990390917628834,0.10990390917628834,725.3328293907501
2025-02-17,1.352012278692097,39234021695,1,6893.7,6893.7,9320.367045619709,0.35201227869209695,0.35201227869209695,2426.6670456197085
2025-02-24,1.498462997352135,39234021695,0,0.0,0.0,0.0,1.498462997352135,,0.0
2025-02-17,0.10415798175007471,39267672963,0,0.0,0.0,0.0,0.10415798175007471,,0.0
2025-02-24,0.02566674273471596,39267672963,0,0.0,0.0,0.0,0.02566674273471596,,0.0
2025-02-17,0.0727683035661588,39267673237,0,0.0,0.0,0.0,0.0727683035661588,,0.0
2025-02-24,0.02381182279190161,39267673237,0,0.0,0.0,0.0,0.02381182279190161,,0.0
2025-02-17,0.097388775293687,3926767355,0,0.0,0.0,0.0,0.097388775293687,,0.0
2025-02-24,0.06046891262335083,3926767355,0,0.0,0.0,0.0,0.06046891262335083,,0.0
2025-02-17,0.1236066825582171,39267673893,2,0.0,0.0,0.0,1.8763933174417828,0.9381966587208914,0.0
2025-02-24,0.13312602143527658,39267673893,0,0.0,0.0,0.0,0.13312602143527658,,0.0
2025-02-17,0.13009851871871275,39267674193,0,0.0,0.0,0.0,0.13009851871871275,,0.0
2025-02-24,0.10441042661127242,39267674193,0,0.0,0.0,0.0,0.10441042661127242,,0.0
2025-02-17,0.19371795055468613,39267674431,0,0.0,0.0,0.0,0.19371795055468613,,0.0
2025-02-24,0.2611326170555342,39267674431,0,0.0,0.0,0.0,0.2611326170555342,,0.0
2025-02-17,0.3564145779268249,39267674723,0,0.0,0.0,0.0,0.3564145779268249,,0.0
2025-02-24,0.2501792293496924,39267674723,2,0.0,0.0,0.0,1.7498207706503077,0.8749103853251539,0.0
2025-02-17,0.4574590203050896,39267675034,0,0.0,0.0,0.0,0.4574590203050896,,0.0
2025-02-24,0.3607237860322498,39267675034,0,0.0,0.0,0.0,0.3607237860322498,,0.0
2025-02-17,2.759627937755202,39814768574,3,4769.1,1589.7,4386.980532649444,0.240372062244798,0.08012402074826601,1146.3584020516662
2025-02-24,2.2363469490059433,39814768574,2,3179.4,1589.7,3555.120744834748,0.23634694900594333,0.11817347450297166,751.4414896694963
2025-02-17,0.3744891635458836,41844855621,0,1889.7,0.0,0.0,0.3744891635458836,,707.6721723526562
2025-02-24,0.3665229608107261,41844855621,1,1889.7,1889.7,692.6184390440292,0.6334770391892739,0.6334770391892739,1197.0815609559709
2025-02-17,1.1544427715963488,41911928478,1,0.0,0.0,0.0,0.15444277159634878,0.15444277159634878,0.0
2025-02-24,1.3458699848626834,41911928478,0,0.0,0.0,0.0,1.3458699848626834,,0.0
2025-02-17,1.9206348985520663,42997381110,0,0.0,0.0,0.0,1.9206348985520663,,0.0
2025-02-24,1.2992900031398937,42997381110,0,0.0,0.0,0.0,1.2992900031398937,,0.0
2025-02-17,4.126307044629731,42997428553,3,1876.5,625.5,2581.0050564158964,1.1263070446297307,0.3754356815432436,2113.5151692476898
2025-02-24,3.8630586539648357,42997428553,1,0.0,0.0,0.0,2.8630586539648357,2.8630586539648357,0.0
2025-02-17,0.22532682995999287,40545530187,1,0.0,0.0,0.0,0.7746731700400071,0.7746731700400071,0.0
2025-02-24,0.40779510426303245,40545530187,0,5399.7,0.0,0.0,0.40779510426303245,,2201.971224489096
2025-02-17,0.17563389197077353,40545530450,0,0.0,0.0,0.0,0.17563389197077353,,0.0
2025-02-24,0.08249257796511349,40545530450,0,0.0,0.0,0.0,0.08249257796511349,,0.0
2025-02-17,0.7650653194860277,4079053893,0,0.0,0.0,0.0,0.7650653194860277,,0.0
2025-02-24,0.9536271772742305,4079053893,0,0.0,0.0,0.0,0.9536271772742305,,0.0
